fila_excel;bloque;codigo_excel;codigo_esperado;descripcion_excel;fuera_pmo;estado;codigo_en_nuestra_base;nombre_en_nuestra_base;parecido;raices_comunes
8;NN;3;660003;Acidimetría diagnez azul.;X;NO ESTA;660004;ACIDIMETRIA GASTRICA , CURVA DE;0.2;1
29;NN;24;660024;Aminoácidos cualitativo (O) incluye azur, brand catavión. DNPH millon.;X;NO ESTA;668024;PARA AMINOFENOL;0.17;1
44;NN;39;660039;Anticoagulantes (Bergna Pavlovsky).;X;NO ESTA;662709;ANTICOAGULANTE LÚPICO;0.25;1
103;NN;113;660113;Bromoftaleína, prueba de la;X;NO ESTA;;;0.0;0
104;NN;114;660114;Bromoftaleína, depuración (K1 y K2).;X;NO ESTA;660193;CREATININA, CLEARENCE DE DEPURACION.;0.25;1
139;NN;156;660156;17 -Cetoesteroides fraccionados- 11 OXI - 11 DESOXI -;X;NO ESTA;660025;AMINOÁCIDOS FRACCIONADOS (Cromatografía - por fracción) -cualitativo;0.2;1
180;NN;197;660197;Curvas coloidales, cada una;X;NO ESTA;660004;ACIDIMETRIA GASTRICA , CURVA DE;0.25;1
250;NN;291;660291;Electroforesis poliacrilamida, cualitativa.;X;NO ESTA;660471;HEMOGLOBINA, ELECTROFORESIS.;0.25;1
253;NN;294;660294;Eosinófilos, con intección de ACTH.;X;NO ESTA;660006;ACTH - HORMONA ADRENOCORTICOTROFINA.;0.2;1
265;NN;306;660306;Etanól test total del.;X;NO ESTA;660307;ETANOL, ALCOHOL ETÍLICO - urinario. (ALCOLURIA);0.2;1
294;NN;347;660347;Fibrinolisisna. (Bugges MC Farlane o similar).;X;NO ESTA;660345;FIBRINOGENO - sangre.;0.2;1
353;NN;425;660425;Gonadotrofinas coriónicas. Metodo biológico cuantitativo (Brideau-Hinglais), 2 conejas por unidad, cada unidad.;X;NO ESTA;661170;SUBUNIDAD BETA de GONADOTROFINA CORIONICA (cualitativa) - HCG o β-HCG - Sub β;0.2;2
354;NN;426;660426;Gonadotrofinas hipofisiarias, uno o dos niveles.;X;NO ESTA;669187;SUBUNIDAD Alfa HIPOFISIARIA;0.2;1
355;NN;427;660427;Gonadotrofinas hipofisiarias, cada nivel adicional.;X;NO ESTA;660273;DOMICILIO A MAS DE DOS (2) Kms. - ADICIONAL por c/Km.;0.2;1
357;NN;429;660429;Gota gruesa.;;NO ESTA;;;0.0;0
385;NN;461;660461;Hamburger.;X;NO ESTA;;;0.0;0
386;NN;462;660462;Hanger. Reacción de. Incluido en 481;X;NO ESTA;;;0.0;0
393;NN;469;660469;Hemofilio. Clasificación.;X;NO ESTA;;;0.0;0
440;NN;533;660533;Imaz-Lorentz-Ghedini. Reacción de;X;NO ESTA;;;0.0;0
451;NN;544;660544;Iodo butanol extraíble.;X;NO ESTA;666888;IODO-AZIDA Prueba de;0.25;1
469;NN;572;660572;Kahn presuntiva y standart.;X;NO ESTA;;;0.0;0
470;NN;573;660573;Kline. Diagnóstico o exclución.;X;NO ESTA;664941;ESPERMA, SWIM UP (DIAGNÓSTICO);0.2;1
471;NN;574;660574;Kunkel, reacción de. Incluido en 481;X;NO ESTA;;;0.0;0
507;NN;614;660614;Lipemia o lípidos totales en sangre.;X;NO ESTA;660192;CREATININA - en sangre;0.2;1
509;NN;616;660616;Lípidos. Cromatografía en capa delgada.;;NO ESTA;660150;CEREBROSIDOS (Cromatográfico).;0.2;1
534;NN;651;660651;Mac Lagan, reacción de.;X;NO ESTA;;;0.0;0
549;NN;666;660666;Micoplasma (PPLO), investigación de.;X;NO ESTA;;;0.0;0
614;NN;750;660750;Pollak, prueba de.;X;NO ESTA;;;0.0;0
653;NN;811;660811;Retter Test de;X;NO ESTA;;;0.0;0
669;NN;834;660834;secretina. Test de la;;NO ESTA;;;0.0;0
671;NN;836;660836;Sia. Test de;X;NO ESTA;;;0.0;0
677;NN;842;660842;Sondeo duodenal minutado. Incluye 112;X;NO ESTA;;;0.0;0
678;NN;843;660843;Sondeo duodenal terapéutico.;X;NO ESTA;;;0.0;0
679;NN;844;660844;Sondeo gástrico lavado.;X;NO ESTA;660405;GASTRINA, sérica.;0.25;1
696;NN;861;660861;Takata-Ara. Reacción de;X;NO ESTA;;;0.0;0
719;NN;884;660884;Tromboplastina. Prueba de la generación de la (Bigg y Douglas Sustituyendo c/creactivo, suero, plasma, plaquetas de sustrato);X;NO ESTA;660879;TROMBINA, PRUEBA DE GENERACIÓN DE LA;0.2;2
733;NN;908;660908;Uritotograma.. Cuatro muestras.;X;NO ESTA;660103;BACILOSCOPIA, (IFI - por muestra);0.25;1
735;NN;910;660910;Uropepsinógeno.;X;NO ESTA;;;0.0;0
766;NN;941;660941;Wasserman. Reacción de;X;NO ESTA;;;0.0;0
772;NN;952;660952;Werneer. Prueba de;X;NO ESTA;;;0.0;0
774;NN;954;660954;Winglan. Prueba de;X;NO ESTA;;;0.0;0
804;NN;998;660998;Recepción y toma de muestras.;;NO ESTA;660103;BACILOSCOPIA, (IFI - por muestra);0.25;1
805;NN;999;660999;Urgencia. Recargo por cada determinación. No corresponde facturarlo en UTI-UCO;;NO ESTA;663996;CORRECCIÓN C/PLASMA NORMAL - TP;0.2;1
113;NO NN;130;;CKMB;X;NO ESTA;661045;CREATINFOSFOQUINASA, ISOENZIMA MB (CKMB / CPKMB);0.25;1
185;NO NN;211;;DROGAS FARMACOLOGICAS (ver comentario);X;NO ESTA;661050;DROGAS de ABUSO SCREENING (c/u);0.25;1
193;NO NN;221;;CLAMIDIAS;X;NO ESTA;;;0.0;0
199;NO NN;228;;ANTICUERPOS ANTI ENA (SSA SSB SM RNP);X;NO ESTA;;;0.0;0
202;NO NN;231;;ANTICUERPO ANTI N LIKE;X;NO ESTA;669120;SOMATOMEDINA - IGFBP-3 - (Insulin Like Growth Factor Bind, Prot 3);0.12;1
206;NO NN;237;;ANTICUERPOS ANTI SCL 70;X;NO ESTA;;;0.0;0
215;NO NN;246;;ANTICUERPOS ANTI RIÑON;X;NO ESTA;;;0.0;0
216;NO NN;247;;ANTICUERPOS ANTI ARN;X;NO ESTA;;;0.0;0
218;NO NN;251;;ANTICUERPOS TSH;X;NO ESTA;;;0.0;0
244;NO NN;279;;DIFENIL HICLANTOINA;X;NO ESTA;;;0.0;0
273;NO NN;324;;CLHAMYDIA TRACH CUERPOS DE INCLUSION IFI;X;NO ESTA;663623;CHLAMYDIA TRACHOMATIS, Ac. IgG Anti;0.2;1
274;NO NN;325;;CLHAMYDIA TRACH AG-AC MONOCLONAL IFI;X;NO ESTA;663623;CHLAMYDIA TRACHOMATIS, Ac. IgG Anti;0.25;1
326;NO NN;398;;CLHAMYDIA  PSITACCI REACCION BEDSON (FC);X;NO ESTA;663598;CHLAMYDIA PSITACCI, Ac. IgG Anti;0.25;1
363;NO NN;436;;HIV 1AG HIV P24 (ELISA);X;NO ESTA;;;0.0;0
377;NO NN;453;;POLYOMA HUMANO AC ESP (FC);X;NO ESTA;666098;HERPES VIRUS 6 HUMAN - PCR;0.25;1
380;NO NN;456;;CRIPTCOCCUS NEOFORMANS ANTIG (AGLUT);X;NO ESTA;660040;ANTICUERPOS ANTIGLOMERULAR , (IFI);0.25;1
381;NO NN;457;;REOVIRUS AC FC;X;NO ESTA;;;0.0;0
382;NO NN;458;;REOVIRUS AG FC;X;NO ESTA;;;0.0;0
434;NO NN;527;;TOXO IGM-IFI;X;NO ESTA;;;0.0;0
437;NO NN;530;;ANTIC.ANTI JO-I;X;NO ESTA;;;0.0;0
458;NO NN;553;;CA 21-1/72-4 C/U;X;NO ESTA;;;0.0;0
462;NO NN;559;;IgA SECRETORIA- ID;X;NO ESTA;;;0.0;0
465;NO NN;562;;INSECTICIDAS CLORADOS - C.G.;X;NO ESTA;;;0.0;0
477;NO NN;580;;DET. DE PAI Y PLAMISNOGENO C/U;X;NO ESTA;;;0.0;0
483;NO NN;590;;ENCEFALITIS EQUINA DEL ESTE IHA;X;NO ESTA;;;0.0;0
522;NO NN;631;;LIDOCAINA- E.I.A.;X;NO ESTA;;;0.0;0
528;NO NN;642;;ENCEFALITIS EQUINA DEL OESTE IHA;X;NO ESTA;;;0.0;0
529;NO NN;643;;ENCEFALITIS EQUINQ VENEZOLANA IHA;X;NO ESTA;;;0.0;0
530;NO NN;644;;ENCEFALITIS SAN LUIS IHA;X;NO ESTA;;;0.0;0
567;NO NN;692;;MOFEG-E;X;NO ESTA;;;0.0;0
569;NO NN;694;;FRUCTOSAMINA-PROT. SERICA GLICOSILADA;X;NO ESTA;665478;FRUCTOSA, líquido seminal o sérica o urinaria;0.29;2
575;NO NN;707;;NITRAZEPAN;X;NO ESTA;;;0.0;0
591;NO NN;727;;HIDATIDOSIS DOBLE DIFUSO DDS ID ARCO 5;;NO ESTA;660483;HIDATIDOSIS (HAI);0.25;1
638;NO NN;774;;IGA SECRECION (SALIVA Y LAGRIMAS);X;NO ESTA;663292;CALCIO (Ca) - saliva;0.25;1
694;NO NN;859;;MARCADOR PARA TUBO DIGESTIVO CA 19-9;X;NO ESTA;661115;MARCADOR TUMORAL de OVARIO (CA 125);0.2;1
743;NO NN;918;;NEISSERIA MENING AG HISOPADO UROGEN ELIS;X;NO ESTA;666728;INFLUENZA A, ANTIGENOS (Ags.) - Material: hisopado nasal / faríngeo / aspirados - PCR;0.09;1
744;NO NN;919;;NEISSERIA MENINGITIDIS AC-FC;X;NO ESTA;662717;ANTIGENOS BACTERIANOS, screening (Haemof..infl, Neis. mening., Strept. Pneum.);0.11;1
776;NO NN;956;;HIV 1 SIDA WERTERN BLOT TEST:IB;X;NO ESTA;661110;HIV, WESTERN- BLOT;0.25;1
779;NO NN;964;;PROTEINA TRANSP. DE ESTEROIDES (SHBG);X;NO ESTA;660767;PROTEINURIA.;0.25;1
780;NO NN;965;;REACCION DE LIBERACION DE ATP;X;NO ESTA;;;0.0;0
789;NO NN;978;;ROSETAS G RATON (PORCENTAJES);X;NO ESTA;667161;LINFOCITOS T supresores (Tec.-Roseta);0.25;1
800;NO NN;992;;TEST DE REPTILASA;X;NO ESTA;;;0.0;0
816;NO NN;1011;;ALFA NAFTIL ESTERASA;X;NO ESTA;662521;Alfa 2 ANTIPLASMINA;0.25;1
828;NO NN;1023;;ANTI SCL 70;X;NO ESTA;;;0.0;0
844;NO NN;1044;;ANTI SM;X;NO ESTA;;;0.0;0
846;NO NN;1049;;CD 4(IFDM);;NO ESTA;;;0.0;0
848;NO NN;1051;;CD 8;;NO ESTA;;;0.0;0
851;NO NN;1055;;G.L.A.E. (S.H.B.G.);X;NO ESTA;;;0.0;0
859;NO NN;1064;;ANTICUERPO ANTI E (ANTI HBC);X;NO ESTA;;;0.0;0
861;NO NN;1066;;DIAZEPAN;X;NO ESTA;;;0.0;0
862;NO NN;1067;;PRIMIDONA;X;NO ESTA;;;0.0;0
863;NO NN;1068;;ETOSUXIMIDA;X;NO ESTA;;;0.0;0
866;NO NN;1071;;M.O.P.E.G.;X;NO ESTA;;;0.0;0
872;NO NN;1087;;ANTIC. ANTI LA;X;NO ESTA;;;0.0;0
874;NO NN;1088;;VALPROATO;X;NO ESTA;;;0.0;0
875;NO NN;1090;;PLOMBEMIA;X;NO ESTA;;;0.0;0
877;NO NN;1100;;NST TEST DE VITALIDAD;X;NO ESTA;;;0.0;0
880;NO NN;1103;;CD 3;X;NO ESTA;;;0.0;0
883;NO NN;1106;;ANTIC.ANTI SM;X;NO ESTA;;;0.0;0
898;NO NN;1133;;DOSAJE DE METHOTREXATE;X;NO ESTA;;;0.0;0
900;NO NN;1135;;SALES BILIARES;X;NO ESTA;662367;ÁCIDOS BILIARES - séricos.;0.25;1
910;NO NN;1149;;C.P.K. MB;;NO ESTA;;;0.0;0
915;NO NN;1183;;PHADIRECT-ESTREPT BETA RAPIDO;X;NO ESTA;662980;Beta 2 GLICOPROTEÍNA, Ac. IgA Anti;0.2;1
916;NO NN;1184;;BETA CROSSLAPS/SUERO;X;NO ESTA;663025;Beta CROSS LAPS - CTX-C - TELOPÉPTIDO DE COLÁGENO TIPO I;0.29;2
925;NO NN;1194;;HIV DNA CUALITATIVO PCR;X;NO ESTA;;;0.0;0
935;NO NN;1293;;DIURESIS;X;NO ESTA;;;0.0;0
947;NO NN;1935;;TORCH;;NO ESTA;661160;TORCH (Toxoplasmosis , Rubeola, Citomegalovirus y Herpes 1 y 2 );0.2;1
949;NO NN;1937;;COMPONENTE M;X;NO ESTA;;;0.0;0
951;NO NN;1939;;COLERA INVESTIGACION;X;NO ESTA;;;0.0;0
953;NO NN;1941;;FAGOSITOSIS;X;NO ESTA;;;0.0;0
16;NN;11;660011;Adenosin trifosfórico ácido.;X;posible (revisar);662435;ADENOVIRUS, Ac. IgM, Anti;0.33;1
17;NN;12;660012;Agar. Electroforesis en;X;posible (revisar);660471;HEMOGLOBINA, ELECTROFORESIS.;0.33;1
43;NN;38;660038;Anticoagulantes (Quick).;X;posible (revisar);662709;ANTICOAGULANTE LÚPICO;0.33;1
53;NN;48;660048;Antidesoxirribonucleico, latex.;X;posible (revisar);660049;ANTIDESIXIRRIBONUCLEASA - ADNEASA – Anti-DNA.;0.33;1
125;NN;142;660142;Casoni, intradermorreación.;X;posible (revisar);660656;MANTOUX, INTRADERMO-REACCION DE (PPD);0.33;1
158;NN;175;660175;Colesterol total libre y esterificado.;X;posible (revisar);660174;COLESTEROL TOTAL;0.33;1
228;NN;263;660263;Dermatofitos, intradermorreacción.;;posible (revisar);660656;MANTOUX, INTRADERMO-REACCION DE (PPD);0.33;1
232;NN;267;660267;Digitoxin (por radioinmunoensayo).;X;posible (revisar);660940;VOLEMIA RADIOQUÍMICO.;0.33;1
235;NN;270;660270;Donath-Landsteiner cuantitativa. Prueba de;X;posible (revisar);660934;V D R L CUANTITATIVA – USR  CUANTITATIVA;0.33;1
236;NN;271;660271;Drepanocitos anaerobiosis.;X;posible (revisar);662657;ANAEROBIOS (Cultivo).;0.33;1
251;NN;292;660292;Electroforesis pliacrilamida, cuantitativa.;X;posible (revisar);660934;V D R L CUANTITATIVA – USR  CUANTITATIVA;0.33;1
262;NN;303;660303;Estrógenos fraccionados. (Estrona, estriol y estradiol por cromatografía).;X;posible (revisar);660025;AMINOÁCIDOS FRACCIONADOS (Cromatografía - por fracción) -cualitativo;0.33;2
293;NN;346;660346;Fibrinogenémia hipo, latex cuantitativa.;X;posible (revisar);660599;LATEX TEST DE, PARA ARTRITIS REUMATOIDE (s-cuant);0.33;2
316;NN;369;660369;Frei. Intradermorreacción de;;posible (revisar);660656;MANTOUX, INTRADERMO-REACCION DE (PPD);0.33;1
335;NN;407;660407;Glicerol en sangre.;X;posible (revisar);660192;CREATININA - en sangre;0.33;1
342;NN;414;660414;Glúcidos(orina). Cromatografía bidimensional.;X;posible (revisar);660485;HIDRATOS DE CARBONO CROMATOGRAFIA, EN ORINA;0.33;2
350;NN;422;660422;Glutatión reductasa.;;posible (revisar);662183;ÁCIDO GLUTÁMICO;0.33;1
351;NN;423;660423;Gonadotrofinas coriónicas. Inmunológico cualitativo. En urgencia sumar código 999. Incluido en 424;X;posible (revisar);661170;SUBUNIDAD BETA de GONADOTROFINA CORIONICA (cualitativa) - HCG o β-HCG - Sub β;0.33;2
352;NN;424;660424;Gonadotrofinas coriónicas. Inmunológico cuantitativo. Incluye 423;X;posible (revisar);661170;SUBUNIDAD BETA de GONADOTROFINA CORIONICA (cualitativa) - HCG o β-HCG - Sub β;0.33;2
415;NN;491;660491;Hoffman. Reacción de cualitativa.;X;posible (revisar);669734;TROPONINA T (cualitativo) - TnT-cuali;0.33;1
497;NN;604;660604;Leche materna, exámen de.;X;posible (revisar);660373;FUNCIONAL, EXAMEN DE MATERIA FECAL - básico;0.33;2
514;NN;621;660621;Lisisna-Vasopresina, test.;;posible (revisar);667204;LISIS DE EUGLOBULINAS;0.33;1
542;NN;659;660659;Melitina. Intradermorreacción.;X;posible (revisar);660656;MANTOUX, INTRADERMO-REACCION DE (PPD);0.33;1
544;NN;661;660661;Metabolismo basal.;X;posible (revisar);660041;ANTICUERPOS ANTIMEMBRANA BASAL, (IFI);0.33;1
560;NN;677;660677;Material descartable para la extracción de sangre;;posible (revisar);660177;COMPATIBILIDAD - sangre materna.;0.4;2
579;NN;712;660712;Ornitil carbamil transferasa.;X;posible (revisar);660875;TRANSFERRINA;0.33;1
597;NN;733;660733;Pancreático, líquido, físico, químico, con extracción.;X;posible (revisar);668964;SALIVA, Ex. Físico-Químico;0.33;2
621;NN;757;660757;Pro-insulina plasmática (por radioinmunoensayo).;X;posible (revisar);660543;INSULINA.;0.33;1
661;NN;819;660819;Rojo Congo. Prueba de -Orina, sangre-;X;posible (revisar);668464;POLIOMAVIRUS BK, PCR - sangre u orina;0.4;2
683;NN;848;660848;Sulfas en sangre.;;posible (revisar);660192;CREATININA - en sangre;0.33;1
720;NN;885;660885;Tromboplastina. Prueba de la generación de la. Simplificada (Hicks-Pitney);X;posible (revisar);660879;TROMBINA, PRUEBA DE GENERACIÓN DE LA;0.4;2
721;NN;886;660886;Trombo-Test de Owren.;X;posible (revisar);660879;TROMBINA, PRUEBA DE GENERACIÓN DE LA;0.33;1
731;NN;906;660906;Urobilina. Cuantitativa en orina.;X;posible (revisar);660934;V D R L CUANTITATIVA – USR  CUANTITATIVA;0.33;1
90;NO NN;100;;T3 LIGADA A ALBUMINA;X;posible (revisar);660015;ALBUMINA - sérica;0.33;1
110;NO NN;120;;T4 LIGADA A ALBUMINA;X;posible (revisar);660015;ALBUMINA - sérica;0.33;1
187;NO NN;213;;CANDIDINA;X;posible (revisar);663324;CANDIDA ALBICANS, Ac. Totales;0.33;1
191;NO NN;218;;CLHAMYDIA TRACHOMATIS CULTIVO;X;posible (revisar);663650;CHLAMYDIA TRACHOMATIS, cultivo celular;0.4;2
192;NO NN;220;;CLHAMYDIA TRACHOMATIS ANTIC IGG/IGM IFI;;posible (revisar);663623;CHLAMYDIA TRACHOMATIS, Ac. IgG Anti;0.33;1
203;NO NN;232;;ANTI ADN FRACCIONADO;X;posible (revisar);660025;AMINOÁCIDOS FRACCIONADOS (Cromatografía - por fracción) -cualitativo;0.33;1
219;NO NN;254;;ASPERGILLIUS ANTIC. (FASE MICELIAS) FC;X;posible (revisar);662846;ASPERGILLIUS, Ac. Anti;0.33;1
223;NO NN;258;;BOREDETELLA PERTUSIS ANTIC CIE;X;posible (revisar);663102;BORDETELLA PERTUSIS, Ac. IgG Anti;0.33;1
224;NO NN;259;;BOREDETELLA PERTUSIS ANTIC IGM/IFI;X;posible (revisar);663102;BORDETELLA PERTUSIS, Ac. IgG Anti;0.33;1
248;NO NN;283;;DAP-TEST (PRUEBA DIRECTA DE AG DETEC DE(;X;posible (revisar);663318;CAMPYLOBACTER SPP, Directo (ELISA);0.33;1
269;NO NN;311;;ENCEFALITIS ANTIC (SUERO) FC;X;posible (revisar);660715;OSMOLARIDAD - suero.;0.33;1
275;NO NN;326;;COXSACKIE B1/2/3/4/5/6 (L.BRONQ.) C/U;X;posible (revisar);664068;COXSACKIE VIRUS A, 2-7-9, Ac. Anti- (c/u);0.33;1
276;NO NN;327;;CLHAMYDIA TRACHOMATIS ANTIC.FC;X;posible (revisar);663623;CHLAMYDIA TRACHOMATIS, Ac. IgG Anti;0.33;1
277;NO NN;329;;CHAGAS HEMOAGLUTINACION DE TRIPANOSOMAS;X;posible (revisar);660241;CHAGAS (AD);0.33;1
327;NO NN;399;;CLHAMYDIA  PSITACCI ANTIGENO (FC);X;posible (revisar);660040;ANTICUERPOS ANTIGLOMERULAR , (IFI);0.33;1
368;NO NN;443;;PAP.VIRUS ADN-VIRAL 6/14 16/18 31/33/51H;X;posible (revisar);666100;HERPES VIRUS 6 HUMAN - Carga Viral;0.4;2
373;NO NN;449;;CORIOMENINGITIS ANTIC ESPEC FC;X;posible (revisar);666606;IgE ESPECÍFICA - INMUNOGLOBULINA E ESPECÍFICA.;0.33;1
378;NO NN;454;;COXSACKIE B1/2/3/4/5/6 ANTIG ESPEC FCC/U;X;posible (revisar);660040;ANTICUERPOS ANTIGLOMERULAR , (IFI);0.33;1
383;NO NN;459;;RESP. SINCICIAL AC LCR (FC);X;posible (revisar);669076;SINCICIAL RESPIRATORIO, Ac. IgG Anti;0.33;1
426;NO NN;511;;ACIDEZ TITULABLE EN ORINA;X;posible (revisar);668264;PDF orina;0.33;1
430;NO NN;521;;DET.DE INHIB.DE MEC.EXTRI/INTRI.C/U;X;posible (revisar);666811;INHIBIDOR DEL TPA;0.33;1
456;NO NN;549;;DOPAMINA / INMUNODIFUSION PARA HONGOS;X;posible (revisar);660535;INMUNOELECTROFORESIS.;0.33;1
459;NO NN;554;;ASPERGILLIUS AC FASE MICELIAS (ID);X;posible (revisar);662846;ASPERGILLIUS, Ac. Anti;0.33;1
473;NO NN;576;;HISTOPLASMA CAP.AC FASE LEVADURIFORME FC;X;posible (revisar);666238;HISTONA, Ac. Anti;0.33;1
478;NO NN;583;;CLHAMYDIA PSITACCI AC IGM/IGG ELISA;X;posible (revisar);663598;CHLAMYDIA PSITACCI, Ac. IgG Anti;0.33;1
479;NO NN;584;;CLHAMYDIA PSITACCI AC IGM/IGG IFI;X;posible (revisar);663598;CHLAMYDIA PSITACCI, Ac. IgG Anti;0.33;1
570;NO NN;695;;MOBILUNCUS, BACTERIOLOGICO;X;posible (revisar);660935;VARIANTE BACTERIANA.;0.33;1
577;NO NN;710;;NORADRELALINA;X;posible (revisar);660695;NORADRENALINA, sérica - CATECOLAMINA;0.33;1
596;NO NN;732;;OXALATURIA;X;posible (revisar);660873;TRANSAMINASA, GLUTAMICO OXALACETICA (GOT / AST);0.33;1
637;NO NN;773;;MONOCLONAL TOAT IA/JS/MI/S33/T28;X;posible (revisar);667238;"LISTERIA MONOCITÓGENES  ""O"" Y ""H""";0.33;1
651;NO NN;809;;ROTAVIRUS ANTIG. ESPEC. ELISA;X;posible (revisar);660040;ANTICUERPOS ANTIGLOMERULAR , (IFI);0.33;1
665;NO NN;828;;RUBEOLA POR INHIBICION A LA HEMOAGLUTINA;X;posible (revisar);661145;RUBEOLA, Ac. IgG Anti;0.33;1
686;NO NN;851;;LCR ELECTROF Y DOSAJE PROT.BAS MIELINA;X;posible (revisar);668657;PROT. ELECTROF. EN AGARAROSA ISOELÉCTRICO-ENFOQUE-IGG, LCR,;0.33;2
737;NO NN;912;;TETOSTERONA BIODISPONIBLE;;posible (revisar);661185;TESTOSTERONA BIODISPONIBLE;0.33;1
767;NO NN;943;;PARAINFLUENZA I/II/III/IV ANTIG.ESPEC.IF;X;posible (revisar);660040;ANTICUERPOS ANTIGLOMERULAR , (IFI);0.33;1
768;NO NN;944;;PARAINFLUENZA I/II/III/IV ANTIG. ESPEC.;X;posible (revisar);660040;ANTICUERPOS ANTIGLOMERULAR , (IFI);0.33;1
781;NO NN;966;;RECEPTORES PARA PROGESTERONA EN MAMA;X;posible (revisar);660758;PROGESTERONA - Pg.;0.33;1
783;NO NN;969;;RESP. SINCICIAL AC ESPECIFICO IGG/IGM IF;X;posible (revisar);669076;SINCICIAL RESPIRATORIO, Ac. IgG Anti;0.33;1
786;NO NN;972;;ROSETAS E37;X;posible (revisar);667161;LINFOCITOS T supresores (Tec.-Roseta);0.33;1
787;NO NN;973;;ROSETAS E4 (PORCENTAJES DE ROSETAS E4);X;posible (revisar);667161;LINFOCITOS T supresores (Tec.-Roseta);0.33;1
788;NO NN;974;;ROSETAS FC IGG/IGM;X;posible (revisar);667161;LINFOCITOS T supresores (Tec.-Roseta);0.33;1
798;NO NN;987;;SULFATO DE PROTAMINA;X;posible (revisar);664652;ENDOSULFAN SULFATO;0.33;1
812;NO NN;1007;;ANTICUERPOS ANTICELULARES PARIETALES;X;posible (revisar);662709;ANTICOAGULANTE LÚPICO;0.33;1
815;NO NN;1010;;ACIDO VALPROICO;X;posible (revisar);660352;FOLICO, ÁCIDO.;0.33;1
852;NO NN;1056;;ESTRADIOL RAPIDO;X;posible (revisar);660300;ESTRADIOL (E2) - sérico;0.33;1
864;NO NN;1069;;ANTICUERPO ANTI HELICOBACTER PILORI;X;posible (revisar);665743;HELICOBACTER PYLORI, Ac. IgA Anti;0.33;1
865;NO NN;1070;;INVESTIGACION EN MICOPLASMA EN CULTIVO;X;posible (revisar);662657;ANAEROBIOS (Cultivo).;0.33;1
870;NO NN;1078;;FENOBARBITAL SERICO;X;posible (revisar);660015;ALBUMINA - sérica;0.33;1
879;NO NN;1102;;SANGRE OCULTA POR METODO HISTOQUIMICO;X;posible (revisar);668973;SANGRE OCULTA en MATERIA FECAL ESPECÍFICO (S.O.M.F. específico);0.4;2
885;NO NN;1111;;CATETER CULTIVO;X;posible (revisar);662657;ANAEROBIOS (Cultivo).;0.33;1
887;NO NN;1113;;CPK ISOENZIMAS;X;posible (revisar);660361;FOSFATASA ALCALINA - ISOENZIMAS.;0.33;1
889;NO NN;1117;;GLUCOSA CURVA EMBARAZADA;X;posible (revisar);660416;GLUCOPROTEINOGRAMA.;0.33;1
895;NO NN;1129;;COLECTOR BACTEREOLOGICO;X;posible (revisar);660935;VARIANTE BACTERIANA.;0.33;1
899;NO NN;1134;;TEST DE GRANULACION DE BASOFILOS;X;posible (revisar);664546;ECHINOCOCCUS GRANULOSOS, Ac. IgG Anti;0.33;1
903;NO NN;1138;;CONTROL DE CONSUMO DE MARIHUANA;X;posible (revisar);667358;MARIHUANA;0.33;1
920;NO NN;1188;;CULT. ESTREPTOCOCO BETA HEMOLITICO VAGINAL O ANAL;X;posible (revisar);669127;SREPTOCOCCUS BETA-HEMOLÍTICO Grupo B - Prenatal (anal/vaginal);0.44;4
931;NO NN;1201;;SUSTANCIAS REDUCTORAS MATERIA FECAL;X;posible (revisar);660736;PARASITOLOGICO en MATERIA FECAL.;0.4;2
942;NO NN;1929;;VAROCELLA ZOSPER, ANTIGENO;X;posible (revisar);660040;ANTICUERPOS ANTIGLOMERULAR , (IFI);0.33;1
943;NO NN;1930;;TEST RAPIDO PARA ESTREPTOCOCO;X;posible (revisar);669180;STREPTOZYME, TEST (ESTREPTOZIMA);0.33;1
948;NO NN;1936;;TEST RAPIDO DE FAUCES;;posible (revisar);661180;"TEST RAPIDO en FAUCES para STREPTOCOCCUS β- HEMOLÍTICO Grupo ""A""";0.4;2
6;NN;1;660001;Acetaldehído enzimático.;X;esta (mismo codigo, nombre distinto);660001;ACTO BIOQUÍMICO;0.0;0
14;NN;9;660009;Adenosin monofosfórico ácido.;X;esta (mismo codigo, nombre distinto);660009;ADRENALINA, plasmática (CATECOLAMINA plasmática);0.0;0
15;NN;10;660010;Adenosin difosfórico ácido.;X;esta (mismo codigo, nombre distinto);660010;ADRENALINA, urinaria (CATECOLAMINA urinaria);0.0;0
20;NN;15;660015;Alanina beta (orina).;X;esta (mismo codigo, nombre distinto);660015;ALBUMINA - sérica;0.0;0
58;NN;53;660053;Antígeno de la hepatitis B (Australia AU1).;X;esta (mismo codigo, nombre distinto);660053;ANTIFÚNGICOS - PRUEBA DE SENSIBILIDAD;0.0;0
62;NN;57;660057;Antipripsina, inmunodifusión cuantitativa.;;esta (mismo codigo, nombre distinto);660057;ANTITRIPSINA, Alfa 1 (α1 AT) - Líq. Pleural o Mat. Fecal o Sérica - C/U - (por I.D.-Cuantitativa);0.12;1
68;NN;63;660063;Anticuerpos anti VIH (método de Elisa), determinación.;;esta (mismo codigo, nombre distinto);660063;ANTICUERPOS Anti- HIV (ELISA);0.0;0
69;NN;64;660064;Anticuerpos anti VIH (Método de aglutinación de partículas en gelatina), determinación.;X;esta (mismo codigo, nombre distinto);660064;ANTICUERPOS ANTI HIV - A.D.;0.0;0
154;NN;171;660171;Coagulograma básico, incluye consumo de protrombina KPTT, recuento de plaquetas, coagulación, sangría y tiempo de protombina. En urgencia sumar código 999. Incluye 169-746-769-771-887;;esta (mismo codigo, nombre distinto);660171;COAGULOGRAMA;0.1;1
166;NN;183;660183;Conn y Fajans. Prueba de;X;esta (mismo codigo, nombre distinto);660183;COOMBS DIRECTA MONOESPECÍFICA, PRUEBA DE (c/u);0.0;0
171;NN;188;660188;Cuproporfirinas.;;esta (mismo codigo, nombre distinto);660188;COPROPORFIRINAS o PORFIRINAS - materia fecal;0.0;0
214;NN;245;660245;Cherdiak, reacción de;X;esta (mismo codigo, nombre distinto);660245;CHAGAS, SEROLOGÍA - CONFIRMATORIO;0.0;0
229;NN;264;660264;De Tackets, prueba de (resistencia a la Heparina *in vivo*).;X;esta (mismo codigo, nombre distinto);660264;DESCARTABLE, MATERIAL COMPLEMENTARIO (DMC).;0.0;0
230;NN;265;660265;Dick intradermorreacción (estreptococos).;X;esta (mismo codigo, nombre distinto);660265;DESCARTABLES MATERIAL DE BIOSEGURIDAD;0.0;0
237;NN;272;660272;Domicilio. Extracción a (solo podrá facturarse si la extración se realiza en el domicilio habitual del paciente).;X;esta (mismo codigo, nombre distinto);660272;DOMICILIO EN RADIO URBANO - HASTA DOS (2) Kms.;0.09;1
238;NN;273;660273;domicilio. Por kilómetro. Recorrido fuera del radio urbano.;X;esta (mismo codigo, nombre distinto);660273;DOMICILIO A MAS DE DOS (2) Kms. - ADICIONAL por c/Km.;0.14;1
266;NN;307;660307;Etanól, tóxico en sangre.;;esta (mismo codigo, nombre distinto);660307;ETANOL, ALCOHOL ETÍLICO - urinario. (ALCOLURIA);0.14;1
298;NN;351;660351;Floururia.;;esta (mismo codigo, nombre distinto);660351;FLUORURIA.;0.0;0
317;NN;370;660370;FSH.(por radioinmunoensayo).;;esta (mismo codigo, nombre distinto);660370;FSH - HORMONA FOLÍCULO ESTIMULANTE.;0.0;0
318;NN;371;660371;FTA/ABS. Inmunofluorescencia.;;esta (mismo codigo, nombre distinto);660371;FTA/ ABS (IFI - ELISA) SIFILIS y TPHA.;0.0;0
336;NN;408;660408;Globulina gamma en suero.;X;esta (mismo codigo, nombre distinto);660408;GLOBULOS BLANCOS, RECUENTO y FORMULA - materia fecal.;0.12;1
493;NN;600;660600;Latex. Leptospiras.;;esta (mismo codigo, nombre distinto);660600;LEPTOSPIRAS, INVESTIGACIÓN DE (fondo oscuro o coloraciones) - urinaria;0.17;1
505;NN;612;660612;LH (por radioinmunoensayo).;;esta (mismo codigo, nombre distinto);660612;LH - HORMONA LUTEINIZANTE;0.0;0
516;NN;623;660623;Litio plasmático.;;esta (mismo codigo, nombre distinto);660623;LITIO (Li) (ISE - Ión selectivo - Fotometría de llama o fotometría de emisión);0.17;1
605;NN;741;660741;PH. Incluido en 711-931;;esta (mismo codigo, nombre distinto);660741;PH - líquidos biológicos.;0.0;0
606;NN;742;660742;PH. en sangre titulación potenciométrica.;;esta (mismo codigo, nombre distinto);660742;PH - sanguíneo;0.0;0
626;NN;762;660762;Proteínas fraccionadas, albúminas globulinas. En urgencia sumar código 999. Incluye 763. Incluido en  481-764;X;esta (mismo codigo, nombre distinto);660762;PROTEINA C REACTIVA -PCR-(SEMI CUANTITATIVA;0.14;1
655;NN;813;660813;RH. En urgencia sumar código 999;;esta (mismo codigo, nombre distinto);660813;Rho FACTOR - GRUPO SANGUINEO.;0.0;0
727;NN;902;660902;Uremia. En urgencia sumar código 999;;esta (mismo codigo, nombre distinto);660902;UREA, sérica.;0.0;0
729;NN;904;660904;Uricemia.;;esta (mismo codigo, nombre distinto);660904;ÚRICO, ÁCIDO - sérico.;0.0;0
758;NN;933;660933;V.D.R.L. cualitativa. Incluido en 934;X;esta (mismo codigo, nombre distinto);660933;V D R L / USR;0.0;0
13;NN;8;660008;Adenograma.;X;esta (otro codigo);662435;ADENOVIRUS, Ac. IgM, Anti;1.0;1
26;NN;21;660021;Alfa feto proteinas cross electroforesis.;X;esta (otro codigo);660020;ALFA FETO PROTEINA (AFP);0.6;3
31;NN;26;660026;Aminoacidos sobrecarga.;X;esta (otro codigo);668024;PARA AMINOFENOL;0.5;1
42;NN;37;660037;Antibiograma Bacilo de Koch (tres antibióticos).;X;esta (otro codigo);660036;ANTIBIOGRAMA BACILO DE KOCH (7) siete antibióticos.;0.6;3
50;NN;45;660045;Anticuerpos antifracción microsomal de tiroides, por inmunofluorescencia.;X;esta (otro codigo);660044;ANTICUERPOS ANTIFRACCION MICROSOMAL DE TIROIDES (IFI);0.75;3
52;NN;47;660047;Anticuerpos, antitiroglobulina, inmunofluorescencia.;X;esta (otro codigo);660046;ANTICUERPOS ANTITIROGLOBULINA (ATG);0.5;1
67;NN;62;660062;Autovacuna de materia fecal.;X;esta (otro codigo);660736;PARASITOLOGICO en MATERIA FECAL.;0.5;2
96;NN;106;660106;Bacteriología directa y cultivo sin identificación de gérmenes. Esta incluido 35-105-187-532-468;X;esta (otro codigo);660105;BACTERIOLOGICO, DIRECTO-CULTIVO e IDENTIFICACIÓN del GÉRMEN;1.0;5
102;NN;112;660112;Bilis, microscópia de;X;esta (otro codigo);667520;MICROSPORIDIA INVESTIGACIÓN;0.5;1
128;NN;145;660145;Células de Milani.;X;esta (otro codigo);663546;CELULAS LE;0.5;1
129;NN;146;660146;Células L.E. (Médula).;X;esta (otro codigo);660657;MEDULOGRAMA.;0.5;1
130;NN;147;660147;Células L.E. (sangre).;X;esta (otro codigo);663546;CELULAS LE;0.5;1
132;NN;149;660149;Células titilantes.;X;esta (otro codigo);663546;CELULAS LE;0.5;1
136;NN;153;660153;Cetoglutárico, ácido (Alfa).;X;esta (otro codigo);662102;ÁCIDO ALFA CETÓNICO;0.5;2
138;NN;155;660155;17 -Cetoesteroides fraccionados- cromatografía.;X;esta (otro codigo);660025;AMINOÁCIDOS FRACCIONADOS (Cromatografía - por fracción) -cualitativo;0.5;2
145;NN;162;660162;Cistina aminopeptidasa (CAP).;X;esta (otro codigo);663683;CISTINA;0.5;1
148;NN;165;660165;Citología vaginal hormonal (cuatro muestras).;X;esta (otro codigo);660164;CITOLOGIA EXFOLIATIVA - VAGINAL HORMONAL (por cada muestra);0.67;4
168;NN;185;660185;Coombs indirecta, cualitativa. En urgencia sumar código 999.;;esta (otro codigo);660186;COOMBS INDIRECTA;0.67;2
286;NN;339;660339;Fenilpirúvico. Acido cualitativo en orina.;X;esta (otro codigo);660340;FENILPIRUVICO, ÁCIDO - urinario (cualitativo);0.5;2
288;NN;341;660341;Fenilsulfonftaleína. Prueba (función renal).;X;esta (otro codigo);666711;INDICE de FUNCIÓN RENAL;0.5;2
295;NN;348;660348;Fijación de complemento para brucelas.;X;esta (otro codigo);663170;BRUCELOSIS (Fijación de Complemento);1.0;3
319;NN;372;660372;FTA/200. Inmunofluorescencia.;X;esta (otro codigo);660535;INMUNOELECTROFORESIS.;1.0;1
334;NN;406;660406;Gastroionograma. Incluye extraccion.;X;esta (otro codigo);660405;GASTRINA, sérica.;0.5;1
349;NN;421;660421;Glucoronidasa beta.;X;esta (otro codigo);663042;Beta GLUCOCEREBROSIDASA;1.0;2
359;NN;431;660431;Grasas. Materia fecal. Cualitativo.;X;esta (otro codigo);660432;GRASAS, CUANTITATIVO (Van de Kamer) - materia fecal;0.75;3
397;NN;473;660473;hemoglobina, solubilidad.;X;esta (otro codigo);660470;HEMOGLOBINA, DOSAJE DE (Hb);0.5;1
406;NN;482;660482;Hidatidosis. Intradermorreacción.;X;esta (otro codigo);660483;HIDATIDOSIS (HAI);0.5;1
414;NN;490;660490;Histoplasmina.;;esta (otro codigo);666238;HISTONA, Ac. Anti;1.0;1
452;NN;545;660545;Iodo protéico.;X;esta (otro codigo);660767;PROTEINURIA.;0.5;1
468;NN;571;660571;Kahn cuantitativa.;X;esta (otro codigo);660934;V D R L CUANTITATIVA – USR  CUANTITATIVA;0.5;1
488;NN;595;660595;Láctico dehidrogenasa isoenzimas (LH1 y LH5).;X;esta (otro codigo);660596;LÁCTICO DEHIDROGENASA ISOENZIMAS - LDH Isoenzimas.;1.0;3
494;NN;601;660601;Latex. Tiroglobulina.;X;esta (otro codigo);669443;TIROGLOBULINA (TGs);0.5;1
498;NN;605;660605;Leishmaniasis. Intradermorreacción.;X;esta (otro codigo);666975;LEISHMANIA, Ac. Anti;0.5;1
500;NN;607;660607;Leucoaglutinación, inhibición de.;;esta (otro codigo);666811;INHIBIDOR DEL TPA;0.5;1
502;NN;609;660609;Leucoprecipitinas.;;esta (otro codigo);660354;FORMULA LEUCOCITARIA.;0.5;1
510;NN;617;660617;Lipoproteína beta.;X;esta (otro codigo);667187;LIPOPROTEINA a - Lp(a);0.5;1
538;NN;655;660655;Málico dehidrogenasa.;X;esta (otro codigo);664340;DEHIDROEPIANDROSTERONA;0.5;1
559;NN;676;660676;Mucosemen cruzado.;X;esta (otro codigo);667621;MUCOSEMEN CRUZADO (método microscópico);0.67;2
572;NN;701;660701;Nefa (ácidos grasos no esterificados).;X;esta (otro codigo);662379;ÁCIDOS GRASOS NO ESTERIFICADOS (NEFA);1.0;4
599;NN;735;660735;Parasitilógico de materia fecal, 2 muestras.;X;esta (otro codigo);660736;PARASITOLOGICO en MATERIA FECAL.;0.75;3
675;NN;840;660840;Somatotrofina. (Por radioinmunoensayo);X;esta (otro codigo);660841;SOMATOTROFINA (STH);0.5;1
716;NN;881;660881;Tromboalutininas, inhibición de;X;esta (otro codigo);666811;INHIBIDOR DEL TPA;0.5;1
717;NN;882;660882;Tromboelastrograma.;X;esta (otro codigo);660879;TROMBINA, PRUEBA DE GENERACIÓN DE LA;0.5;1
718;NN;883;660883;Tromboplastina. Prueba de la generación de la (Bigg y Douglas);X;esta (otro codigo);660879;TROMBINA, PRUEBA DE GENERACIÓN DE LA;0.5;2
734;NN;909;660909;Urocitograma. Un ciclo.;X;esta (otro codigo);660907;UROCITOGRAMA;0.5;1
70;NO NN;67;;ACIDO OXALICO EN ORINA;X;esta (otro codigo);662296;ÁCIDO OXALICO - sérico;0.5;2
71;NO NN;68;;ACIDO SIALICO;X;esta (otro codigo);662341;ÁCIDO SIALICO;1.0;2
72;NO NN;69;;ANTICUERPOS ANTICORE POR RAI;X;esta (otro codigo);662709;ANTICOAGULANTE LÚPICO;0.5;1
73;NO NN;73;;ADRENALINA O NORADRENALINA S O C/U;X;esta (otro codigo);663486;CATECOLAMINAS PLASMÁTICAS C/U (Adrenalina / Noradrenalina);0.5;2
74;NO NN;76;;ADHESIVIDAD PLAQUETARIA;X;esta (otro codigo);668358;PLAQUETARIA ADHESIVIDAD;1.0;2
75;NO NN;77;;AGREGACION PLAQUETARIA;X;esta (otro codigo);668366;PLAQUETARIA AGREGACION (con 6 inductores);0.67;2
76;NO NN;78;;AGREGACION PLAQUETARIA C/AC ARAQUIDONICO;X;esta (otro codigo);668366;PLAQUETARIA AGREGACION (con 6 inductores);0.5;2
77;NO NN;79;;ANTICUERPOS ANTI-MUSCULO ESTRIADO;X;esta (otro codigo);667631;MUSCULO ESTRIADO, Ac. Anti;1.0;2
78;NO NN;80;;ANTICUERPOS ANTI-INSULINA;X;esta (otro codigo);660543;INSULINA.;1.0;1
79;NO NN;85;;HEPATITS B AG (HBS AC) RIA O ELISA;;esta (otro codigo);660481;HEPATOGRAMA.;1.0;1
80;NO NN;86;;TIROGLOBULINA;X;esta (otro codigo);669443;TIROGLOBULINA (TGs);1.0;1
81;NO NN;87;;HEPATITIS B AC (HBS AC) RIA O ELISA;;esta (otro codigo);660481;HEPATOGRAMA.;1.0;1
82;NO NN;88;;HEPATITIS A-ANTI CORE IGM/IGG RIA/ELISA;X;esta (otro codigo);661080;"HEPATITIS B, Ac. Anti- ""Core"" IgG (HBc -IgG )";1.0;2
83;NO NN;89;;HEPATITIS B (HBE AG) RIA O ELISA;;esta (otro codigo);660481;HEPATOGRAMA.;1.0;1
84;NO NN;91;;HEPATITIS A-ANTI HVA IGM/IGG RIA/ELISA;;esta (otro codigo);660481;HEPATOGRAMA.;1.0;1
85;NO NN;92;;HEPATITS B (HBE AC) RIA O ELISA;;esta (otro codigo);660481;HEPATOGRAMA.;1.0;1
86;NO NN;93;;HEPATITS DELTA ANTIC IGG/IGM ELISA C/U;X;esta (otro codigo);665993;HEPATITIS DELTA, Ac. IgM Anti;1.0;2
87;NO NN;95;;ANTIGENO PROSTATICO ESPECIFICO;;esta (otro codigo);661000;ANTIGENO PROSTATICO ESPECÍFICO TOTAL - PSA-t;1.0;2
88;NO NN;96;;APOLIPOPROTEINAS;X;esta (otro codigo);662810;APOLIPOPROTEINA A (ApoA);0.5;1
89;NO NN;99;;HIDROXIPROGESTERONA 17;X;esta (otro codigo);666204;HIDROXIPIRENO;1.0;1
105;NO NN;115;;AC.ANT.HEPATITIS C ELISA P/DADORES;X;esta (otro codigo);660481;HEPATOGRAMA.;0.5;1
106;NO NN;116;;ADENOVIRUS ANTIC. ESPECIFICOS FC;X;esta (otro codigo);662435;ADENOVIRUS, Ac. IgM, Anti;1.0;1
107;NO NN;117;;ADENOVIRUS ANTIC ESPECIFICOS IFI;X;esta (otro codigo);662435;ADENOVIRUS, Ac. IgM, Anti;1.0;1
108;NO NN;118;;ADENOVIRUS ANTIC IGM/IGG IFI C/U;X;esta (otro codigo);662435;ADENOVIRUS, Ac. IgM, Anti;1.0;1
109;NO NN;119;;ADENOVIRUS ANTIG IGM/IGG IP C/U;X;esta (otro codigo);660040;ANTICUERPOS ANTIGLOMERULAR , (IFI);0.5;1
111;NO NN;121;;GLOBULINA LIGADORA DE CORTICOIDES (CBG);X;esta (otro codigo);665640;GLOBULINA LIGADORA DE CORTICOIDES (CBG);1.0;3
112;NO NN;126;;BRUCELOSIS ANTIC IGG/IGM IFI C/U;X;esta (otro codigo);663162;BRUCELOSIS (IFI);1.0;1
181;NO NN;198;;GLUCAGON PLASMATICO;X;esta (otro codigo);665657;GLUCAGÓN, Plasmático;1.0;2
182;NO NN;199;;FOSFATASA OSEA (RIA);X;esta (otro codigo);665349;FOSFATASA ALCALINA OSEA (RIA);0.67;2
183;NO NN;200;;COLESTEROL HDL - LDL;;esta (otro codigo);660174;COLESTEROL TOTAL;1.0;1
184;NO NN;207;;DELTA 4 ANDROSTENEDIONA;X;esta (otro codigo);662675;ANDROSTENEDIONA, Delta 4- (∆4);1.0;2
186;NO NN;212;;CLEARENCE MF DE ALFA ANTITRIPSINA;X;esta (otro codigo);662495;Alfa 1 ANTITRIPSINA, CLEARENCE de (α1 AT - Clearence) - M.F. / sérica.;0.75;3
188;NO NN;214;;CITOMEGALOVIRUS ANTIC FC;X;esta (otro codigo);661025;CITOMEGALOVIRUS, Ac. IgG Anti- (CMV-IgG);1.0;1
189;NO NN;215;;CITOMEGALOVIRUS ANTIC IGM/IGG O ELISA;;esta (otro codigo);661025;CITOMEGALOVIRUS, Ac. IgG Anti- (CMV-IgG);1.0;1
190;NO NN;216;;INMUNOFLUORESCENCIA PARA BRUCELAS;X;esta (otro codigo);660535;INMUNOELECTROFORESIS.;0.5;1
194;NO NN;223;;CORTISOL LIBRE URINARIO;X;esta (otro codigo);664008;CORTISOL LIBRE - urinario (CLU);1.0;3
195;NO NN;224;;AGREGACION PLAQUETARIA CON COLAGENO;X;esta (otro codigo);668366;PLAQUETARIA AGREGACION (con 6 inductores);0.5;2
196;NO NN;225;;AGREGACION PLAQUETARIA CON RISTOCETINA;X;esta (otro codigo);668366;PLAQUETARIA AGREGACION (con 6 inductores);0.5;2
197;NO NN;226;;ANDROSTENODIONA;X;esta (otro codigo);662675;ANDROSTENEDIONA, Delta 4- (∆4);0.5;1
198;NO NN;227;;ANTICUERPOS ANTI CELULAS PARIETALES;X;esta (otro codigo);663555;CELULAS PARIETALES, Ac. Anti-;1.0;2
200;NO NN;229;;ANTICUERPOS ANTI ERITROCITOS;X;esta (otro codigo);660297;ERITROSEDIMENTACION;1.0;1
201;NO NN;230;;ANTICUERPOS ANTI MUCOSA GASTRICA;X;esta (otro codigo);667623;MUCOSA GÁSTRICA, Ac. Anti-;1.0;2
204;NO NN;233;;ANTICUERPOS ANTI RETICULINA (ARA);X;esta (otro codigo);668836;RETICULINA, Ac. Anti- (ARA);1.0;1
205;NO NN;234;;ANTICUERPOS ANTI CENTROMERO;X;esta (otro codigo);663563;CENTROMERO, Ac. Anti;1.0;1
207;NO NN;238;;ANTICUERPOS ANTI RETINA;X;esta (otro codigo);668845;RETINA, Ac. Anti;1.0;1
208;NO NN;239;;ANTIC CONTRARECEPTORES ACETILCOLINA;X;esta (otro codigo);662017;ACETILCOLINA;0.5;1
209;NO NN;240;;COMPLEJOS INMUNOCIRCULARES (CIC);X;esta (otro codigo);663914;COMPLEJOS INMUNOCIRCULANTES (CIC);1.0;2
217;NO NN;250;;ANTICUERPOS ANTIMIOCARDIO;X;esta (otro codigo);660055;ANTIMITOCONDRIALES , ANTICUERPOS (AMA);1.0;1
220;NO NN;255;;BETA GALACTOSIDASA;X;esta (otro codigo);663034;Beta GALACTOSIDASA;1.0;2
221;NO NN;256;;BLASTOMYCES DERMATITIDIS AC (FASE LEV)FC;X;esta (otro codigo);663085;BLASTOMYCES DERMATITIDIS, Ac (Fase Lev);1.0;3
222;NO NN;257;;BLASTOMYCES DERMATITIDIS AC (FASE LEV)ID;X;esta (otro codigo);663085;BLASTOMYCES DERMATITIDIS, Ac (Fase Lev);1.0;3
225;NO NN;260;;BORDETELLA PERTUSIS ANTIG IFI;X;esta (otro codigo);663102;BORDETELLA PERTUSIS, Ac. IgG Anti;0.67;2
239;NO NN;274;;BRUCELOSIS HUDDELSON C/2 MERCAPTOETANOL;X;esta (otro codigo);663159;BRUCELLAS, TEST DE WRIGHT, con 2-Mercaptoetanol (W-2ME);0.5;2
240;NO NN;275;;CALCULO URINARIO EXM CRISTALOGRAFICO;X;esta (otro codigo);660138;CALCULO - urinario.;0.67;2
241;NO NN;276;;CALCULO URINARIO EXM DIFRACCION RX;X;esta (otro codigo);660138;CALCULO - urinario.;0.67;2
242;NO NN;277;;CANDIDA ALBICANS ANTIC ID;X;esta (otro codigo);663324;CANDIDA ALBICANS, Ac. Totales;0.67;2
243;NO NN;278;;DOSAJE DE ENZIMA CONVERTIDORA;X;esta (otro codigo);664700;ENZIMA CONVERTIDORA de ANGIOTENSINA (ECA);0.67;2
245;NO NN;280;;ADENOVIRUS (ADV) ANTIG ESP EN LCR (FC);X;esta (otro codigo);660040;ANTICUERPOS ANTIGLOMERULAR , (IFI);0.5;1
246;NO NN;281;;ADENOCIRUS (ADV) ANTIGENO AC MN (IFI);X;esta (otro codigo);660040;ANTICUERPOS ANTIGLOMERULAR , (IFI);0.5;1
247;NO NN;282;;CITOMEGALOVIRUS ANTIG AC MN (IFI);X;esta (otro codigo);663717;CITOMEGALOVIRUS, ANTIGENEMIA (CMV - PP65);0.67;2
249;NO NN;284;;DEHIDROEPIANDROSTERONA SULFATO (DHEA);X;esta (otro codigo);660262;DEHIDROEPIANDROSTERONA, SULFATO - DHEA-S.;1.0;3
270;NO NN;312;;CITOMEGALOVIRUS ANTIG. EA AC MN (IFI);X;esta (otro codigo);663717;CITOMEGALOVIRUS, ANTIGENEMIA (CMV - PP65);0.67;2
271;NO NN;322;;CITOMEGALOVIRUS (CMV) IGG-IFI O ELISA;;esta (otro codigo);661025;CITOMEGALOVIRUS, Ac. IgG Anti- (CMV-IgG);1.0;1
272;NO NN;323;;CICLOSPORINA A;X;esta (otro codigo);663674;CICLOSPORINA A - sérica;0.5;1
321;NO NN;379;;FERRITINA;X;esta (otro codigo);665230;FERRITINA;1.0;1
322;NO NN;384;;FOSFATASA ACIDA PROSTATICA (RIA);X;esta (otro codigo);660355;FOSFATASA ACIDA PROSTATICA (EFM).;1.0;3
323;NO NN;395;;COCCIDIODES INMITIS AC (F.MICELIAL) FC;X;esta (otro codigo);663854;COCCIDIOIDES INMITIS, Ac. Anti- CIE;0.67;2
324;NO NN;396;;COCCIDIODES INMITIS ANTIC-CIE;X;esta (otro codigo);663854;COCCIDIOIDES INMITIS, Ac. Anti- CIE;1.0;2
325;NO NN;397;;COFACTOR DE RISTOCETINA;X;esta (otro codigo);663905;COFACTOR DE RISTOCETINA;1.0;2
328;NO NN;400;;HERPES SIMPLE I/II AG AC MN (IFI);X;esta (otro codigo);666037;HERPES SIMPLEX, 1 / 2 - PCR;1.0;2
362;NO NN;434;;HIV 1 ANTI P24 (CORE)Y ANTI GP41 (IGG);X;esta (otro codigo);666272;HIV 1 ANTI-P-24 (core);0.5;1
364;NO NN;438;;GONADOT. CORIONICA SUB BETA CUANTITATIVA;;esta (otro codigo);661175;SUBUNIDAD BETA de GONADOTROFINA CORIONICA β-HCG β (cuantitativa) - HCG o - Sub;0.8;4
365;NO NN;440;;INFLUENZA A/B AG/AC/MN (IFI);X;esta (otro codigo);666734;INFLUENZA A, Ac. IgG Anti;1.0;1
366;NO NN;441;;PAPILOMA VIRUS AG ESTRACTO TEJ (PAP);X;esta (otro codigo);668007;PAPILOMA VIRUS HUMANO - HPV;0.5;2
367;NO NN;442;;PAPILOMA VIRUS IFD-MN;X;esta (otro codigo);668007;PAPILOMA VIRUS HUMANO - HPV;0.67;2
369;NO NN;445;;COOMBS MONOESPECIFICA IG A IGG/IGM;X;esta (otro codigo);660183;COOMBS DIRECTA MONOESPECÍFICA, PRUEBA DE (c/u);0.67;2
370;NO NN;446;;PARAINFLUENZA I/II/III/IV AG AC MN (IFI);X;esta (otro codigo);668135;PARAINFLUENZA I, Ac. Anti;1.0;1
371;NO NN;447;;PAROTIDITIS AC ESP. IGG (ELISA);X;esta (otro codigo);668178;PAROTIDITIS, Ac. IgG Anti;1.0;1
372;NO NN;448;;CORIOMENINGITIS ANTIG EN LCR FC;X;esta (otro codigo);660040;ANTICUERPOS ANTIGLOMERULAR , (IFI);0.5;1
374;NO NN;450;;PAROTIDITIS AG EN LCR (FC);X;esta (otro codigo);668178;PAROTIDITIS, Ac. IgG Anti;1.0;1
375;NO NN;451;;PAROTIDITIS AC VIRAL (FC);X;esta (otro codigo);668178;PAROTIDITIS, Ac. IgG Anti;0.5;1
376;NO NN;452;;PAROTIDITIS AC SOLUBLES (FC);X;esta (otro codigo);668204;PAROTIDITIS, Ac. solubles;1.0;2
379;NO NN;455;;COXSACKIE B1/2/3/4/5/6 ANTIG EN LCR FC;X;esta (otro codigo);660040;ANTICUERPOS ANTIGLOMERULAR , (IFI);0.5;1
384;NO NN;460;;ROTAVIRUS AG AC MN (ELISA);X;esta (otro codigo);668930;ROTAVIRUS - AG -AC- MN (ELISA);1.0;1
419;NO NN;495;;ROTAVIRUS AG EN MATERA FECAL;X;esta (otro codigo);660736;PARASITOLOGICO en MATERIA FECAL.;0.5;2
420;NO NN;497;;TIROXINA LIBRE T4L;;esta (otro codigo);660867;TIROXINA EFECTIVA - LIBRE (FT4 / T4L);0.67;2
421;NO NN;498;;HIDATIDOSIS IFI;X;esta (otro codigo);660483;HIDATIDOSIS (HAI);1.0;1
422;NO NN;500;;HEMOGLOBINA GLICOSILADA;;esta (otro codigo);661070;HEMOGLOBINA GLICOSILADA (Hb A1C);1.0;2
423;NO NN;504;;SARAMPION AG AC MN (IFI);X;esta (otro codigo);668982;SARAMPION, Ac. IgG Anti;1.0;1
424;NO NN;509;;HERPES SIMPLE I/II ANTIC FC;X;esta (otro codigo);666037;HERPES SIMPLEX, 1 / 2 - PCR;1.0;2
425;NO NN;510;;HERPES SIMPLE I/II AC IGG/IGM IFI-E;X;esta (otro codigo);666037;HERPES SIMPLEX, 1 / 2 - PCR;1.0;2
427;NO NN;515;;DOSAJE DE HB A2-HEMOGLOBINA A2;X;esta (otro codigo);660470;HEMOGLOBINA, DOSAJE DE (Hb);1.0;1
428;NO NN;518;;DEHIDROTESTOTERONA (DHT);X;esta (otro codigo);664340;DEHIDROEPIANDROSTERONA;1.0;1
429;NO NN;520;;DETECCION DE INHIBIDORES;X;esta (otro codigo);666811;INHIBIDOR DEL TPA;0.5;1
431;NO NN;524;;SARAMPION AG LCR-FC;X;esta (otro codigo);668982;SARAMPION, Ac. IgG Anti;1.0;1
432;NO NN;525;;ANTICOAGULANTE LUPICO;X;esta (otro codigo);662709;ANTICOAGULANTE LÚPICO;1.0;2
433;NO NN;526;;ANTICUERPO ANTIGLIADINA IGG/IGA C/U;X;esta (otro codigo);660040;ANTICUERPOS ANTIGLOMERULAR , (IFI);1.0;1
435;NO NN;528;;UEREAPLASMA UREALITICO A CULTIVO;X;esta (otro codigo);669759;UREAPLASMA UREALÍTICUM (Cultivo).;0.5;2
436;NO NN;529;;VARICELA ZOSTER AG LCR-FC;X;esta (otro codigo);669810;VARICELA ZOSTER, Ac. IgM Anti;1.0;2
457;NO NN;550;;DOPAMINA TOTAL O LIBRE;X;esta (otro codigo);664512;DOPAMINA LIBRE - urinaria;0.67;2
460;NO NN;555;;ASPERGILLIUS AC (CIE);X;esta (otro codigo);662846;ASPERGILLIUS, Ac. Anti;1.0;1
461;NO NN;556;;IGE ESPECIFICAS;X;esta (otro codigo);666606;IgE ESPECÍFICA - INMUNOGLOBULINA E ESPECÍFICA.;0.5;1
463;NO NN;560;;IgE ESPECIFICA (CADA UNO)RIA;X;esta (otro codigo);666606;IgE ESPECÍFICA - INMUNOGLOBULINA E ESPECÍFICA.;0.5;1
464;NO NN;561;;INMUNOG. DE SUP.P/LINFOCITOS B- MIF;X;esta (otro codigo);666845;INMUNOFENOTIPO-SUBPOBLACIONES LINFOCITAR;0.67;2
466;NO NN;563;;INSECTICIDAS FOSFORADOS-C.G.;X;esta (otro codigo);665452;FOSFOLIPIDOS, Ac. IgG Anti;0.5;1
467;NO NN;570;;COCCIDIODES INMITIS AC BANDA F (ID);X;esta (otro codigo);663837;COCCIDIOIDES INMITIS, Ac. Anti- BANDA F;1.0;3
472;NO NN;575;;COCCIDIODES INMITIS AC BANDA TP (ID);X;esta (otro codigo);663837;COCCIDIOIDES INMITIS, Ac. Anti- BANDA F;1.0;3
474;NO NN;577;;DOSAJE DE ANTITRIPSINA (INMULOG);X;esta (otro codigo);660046;ANTICUERPOS ANTITIROGLOBULINA (ATG);0.5;1
475;NO NN;578;;DOSAJE DE ANTITRIPSINA / ANTITROMBINA III (INMULOG);X;esta (otro codigo);660046;ANTICUERPOS ANTITIROGLOBULINA (ATG);0.5;1
476;NO NN;579;;ANTIC.ANTICARDIOLIPINA IGG/IGM;X;esta (otro codigo);662709;ANTICOAGULANTE LÚPICO;0.5;1
480;NO NN;586;;DOSAJE DE MACROBULINA (INMULOG);X;esta (otro codigo);667278;MACROAMILASA;0.5;1
481;NO NN;588;;ECHO COXSACLIE ANT.ESPEC.FC;X;esta (otro codigo);664563;ECHO COXSACKIE, 1-6 Ac. IgG Anti;0.67;2
482;NO NN;589;;ENCEFALITIS ANTIG (LCR)FC;X;esta (otro codigo);660040;ANTICUERPOS ANTIGLOMERULAR , (IFI);0.5;1
517;NO NN;624;;COXIELLA BURNETTI (FIEBRE Q)AC ESPECIFC.;X;esta (otro codigo);664050;COXIELLA BURNETTI, Ac. IgG Anti;0.5;2
518;NO NN;625;;COXIELLA BURNETTI AC IGG/IGM IFI;X;esta (otro codigo);664050;COXIELLA BURNETTI, Ac. IgG Anti;1.0;2
519;NO NN;627;;LISTERIA MONOCYTOGENES AC-FC;X;esta (otro codigo);667238;"LISTERIA MONOCITÓGENES  ""O"" Y ""H""";1.0;2
520;NO NN;629;;LE Hemoaglutinacion;X;esta (otro codigo);660467;HEMOAGLUTINOGENOS A2 C/ U;1.0;1
521;NO NN;630;;LEUCOCITOS (MAT.FEC.);X;esta (otro codigo);660354;FORMULA LEUCOCITARIA.;0.5;1
523;NO NN;632;;LISTERIA RFC;X;esta (otro codigo);660622;LISTERIAS, Ac. Anti - (IFI - ELISA);1.0;1
524;NO NN;634;;MONOCLONAL OKT CD 1/3/4/6/8/9/10/11 C/U;X;esta (otro codigo);667238;"LISTERIA MONOCITÓGENES  ""O"" Y ""H""";0.5;1
525;NO NN;635;;MICROALBUMINURIA (BETA 2 MICROGLOBULINA);;esta (otro codigo);667503;MICROGLOBULINA BETA 2;1.0;2
526;NO NN;639;;GLUCURONIDATO DE ANDROSTANODIOL;X;esta (otro codigo);662666;ANDROSTENEDIOL GLUCURÓNIDO (ALFA DIOL GLUCURONIDO);0.5;2
527;NO NN;640;;LEGIONELLA PNEUMOPHILA ANTI ESPEC.(AGLUT;X;esta (otro codigo);666956;LEGIONELLA PNEUMOPHILA, Ac. IgG Anti;0.5;2
531;NO NN;646;;EPSTEIN BARR ANTI EBNA IFI;X;esta (otro codigo);661060;EPSTEIN BARR, Ac. IgM Anti- (VEB / VCA IgM);0.67;2
532;NO NN;647;;SELENIO FLUOROMETRIA;X;esta (otro codigo);660350;FLUOREMIA (F);0.5;1
533;NO NN;648;;EPSTEIN BARR ANTIG (LCR) FC;X;esta (otro codigo);664726;EPSTEIN BARR, Early Antig. Ac.;0.75;3
561;NO NN;678;;LEGIONELLA PNEUMOPHILA ANTIC ESPEC IFI;X;esta (otro codigo);666956;LEGIONELLA PNEUMOPHILA, Ac. IgG Anti;0.67;2
562;NO NN;680;;METAHEMOGLOBINA-C;X;esta (otro codigo);667409;METAHEMOGLOBINA;1.0;1
563;NO NN;681;;METANOL, METABOLITOS EN SANGRE, C/U/-C;X;esta (otro codigo);667435;METANOL - sangre;0.67;2
564;NO NN;687;;MONOCLONAL LEU 3/2/4/8;X;esta (otro codigo);667238;"LISTERIA MONOCITÓGENES  ""O"" Y ""H""";0.5;1
565;NO NN;690;;MIELINA FACTOR BASICO-R.I.E.;X;esta (otro codigo);668606;PROTEÍNA BÁSICA de MIELINA;0.5;2
566;NO NN;691;;MIOGLOBINURIA-C;X;esta (otro codigo);667546;MIOGLOBINA - sérica;0.5;1
568;NO NN;693;;MORFINA (Y OPIACEAS)- E.I.A.;X;esta (otro codigo);667879;OPIACEOS;0.5;1
571;NO NN;696;;TREPONEMA PALLIDUM HEMOAGLUT. DE TREPON;X;esta (otro codigo);669644;TREPONEMA PALLIDUM, FTA ABS, Ac. IgM Anti;0.67;2
574;NO NN;703;;NEISSERIAS, CULTIVO E IDENTIFICACION;X;esta (otro codigo);660665;MICOLOGIA (Cultivo e Identificación).;0.5;2
576;NO NN;709;;ACIDO FENILACETICO (AF);X;esta (otro codigo);660340;FENILPIRUVICO, ÁCIDO - urinario (cualitativo);0.67;2
584;NO NN;717;;ACIDO 5-HIDROX 3-METILIN DOLACETICO;X;esta (otro codigo);662222;ÁCIDO INDOLACETICO, 5 HIDROXI -3-METIL;0.6;3
585;NO NN;718;;HEPATITIS B DNA VIRAL HIBRIDACION;X;esta (otro codigo);665931;HEPATITIS B, DNA viral (HBV-DNA) (PCR - Cualitativo);0.67;2
586;NO NN;719;;PARVOVIRUS B19 IGM-RIA;X;esta (otro codigo);668229;PARVOVIRUS, Ac. IgG Anti;1.0;1
587;NO NN;720;;ACIDO HOMOVANILICO;X;esta (otro codigo);662205;ÁCIDO HOMOVANÍLICO - HVA;1.0;2
588;NO NN;724;;PIRIDINILINA O D-PIRIDINOLINA;X;esta (otro codigo);668348;PIRIDINOLINA;1.0;1
589;NO NN;725;;HEPATITIS C ANTI HVC 2DA GEN. (DNA RECOMB;X;esta (otro codigo);660481;HEPATOGRAMA.;0.5;1
590;NO NN;726;;HEPATITIS C ANTI IGG/IGM;;esta (otro codigo);660481;HEPATOGRAMA.;1.0;1
592;NO NN;728;;HISTOPLASMA CAPSULATUM AC.FASE MICELIAL;X;esta (otro codigo);666247;HISTOPLASMA CAPSULATUM, Ac. IgG Anti;0.5;2
593;NO NN;729;;HISTOPLASMA CAPSULATUM AC FASE MICELIAL;X;esta (otro codigo);666247;HISTOPLASMA CAPSULATUM, Ac. IgG Anti;0.5;2
594;NO NN;730;;HISTOPLASMA CAPSULATUM ANTIC. CIE;X;esta (otro codigo);666247;HISTOPLASMA CAPSULATUM, Ac. IgG Anti;1.0;2
595;NO NN;731;;BUFOTENINA;X;esta (otro codigo);663213;BUFOTENINA;1.0;1
639;NO NN;775;;INFLUENZA A/B AC ESPEC FC;X;esta (otro codigo);666734;INFLUENZA A, Ac. IgG Anti;0.5;1
640;NO NN;776;;INFLUENZA A/B AC ESPEC IHA;X;esta (otro codigo);666734;INFLUENZA A, Ac. IgG Anti;0.5;1
641;NO NN;777;;INFLUENZA A/B AG (LCR) FC;X;esta (otro codigo);666734;INFLUENZA A, Ac. IgG Anti;1.0;1
642;NO NN;778;;PLAQUETARIOS, MICROAGREGADOS-M.I.F.;X;esta (otro codigo);667495;MICROAGREGADO PLAQUETARIOS;1.0;2
643;NO NN;787;;PARAINFLUENZA I/II/III/IV ANTIC. FC;X;esta (otro codigo);668135;PARAINFLUENZA I, Ac. Anti;1.0;1
644;NO NN;788;;PEPTIDO C;X;esta (otro codigo);668281;PEPTIDO C;1.0;1
645;NO NN;791;;OSTEOCALCINA;X;esta (otro codigo);667939;OSTEOCALCINA;1.0;1
646;NO NN;800;;RECEPTORES HORMONALES ESTROGENICOS;X;esta (otro codigo);668811;RECEPTORES HORMONALES ESTROGÉNICOS;1.0;3
648;NO NN;802;;INFLUENZA A/B AG. ESPEC.IP;X;esta (otro codigo);666734;INFLUENZA A, Ac. IgG Anti;0.5;1
649;NO NN;803;;LATS;X;esta (otro codigo);666948;LATS;1.0;1
650;NO NN;805;;CITRATO;X;esta (otro codigo);663743;CITRATURIA;1.0;1
652;NO NN;810;;RUBEOLA ANTIC IHA;X;esta (otro codigo);661145;RUBEOLA, Ac. IgG Anti;1.0;1
663;NO NN;826;;RUBEOLA ANTIC IGM/ELISA;;esta (otro codigo);661145;RUBEOLA, Ac. IgG Anti;1.0;1
664;NO NN;827;;RUBEOLA ANTIC IGG/ELISA;;esta (otro codigo);661145;RUBEOLA, Ac. IgG Anti;1.0;1
684;NO NN;849;;ANTITIROPEROXIDASA;X;esta (otro codigo);660046;ANTICUERPOS ANTITIROGLOBULINA (ATG);1.0;1
685;NO NN;850;;DIMETOXIFENILETILAMINA (INMUNOL.);X;esta (otro codigo);660535;INMUNOELECTROFORESIS.;0.5;1
687;NO NN;852;;LCR ELECTROF-AGAROSA ISOELEC.ENFOQUE IGG;X;esta (otro codigo);668657;PROT. ELECTROF. EN AGARAROSA ISOELÉCTRICO-ENFOQUE-IGG, LCR,;0.5;3
688;NO NN;853;;LEPTOSPIRAS AC (AGLUTINACION);X;esta (otro codigo);666990;LEPTOSPIRA, Ac. Anti- (ELISA / IFI);0.5;1
689;NO NN;854;;LISIS DEL COAGULO;X;esta (otro codigo);667213;LISIS DEL COAGULO;1.0;2
690;NO NN;855;;LISOZIMA;X;esta (otro codigo);667210;LISOZIMA;1.0;1
691;NO NN;856;;LISTERIA MONOCYTOGENES AGLUT. O Y H;X;esta (otro codigo);667238;"LISTERIA MONOCITÓGENES  ""O"" Y ""H""";0.67;2
692;NO NN;857;;MARCADOR PARA MAMA CA 15-3;;esta (otro codigo);661120;MARCADOR TUMORAL de MAMA (CA 15. 3);0.67;2
693;NO NN;858;;MARCADOR PARA OVARIO CA 125;;esta (otro codigo);661115;MARCADOR TUMORAL de OVARIO (CA 125);0.67;2
695;NO NN;860;;HISTAMINA;X;esta (otro codigo);666222;HISTAMINA - Plasmática;0.5;1
723;NO NN;888;;METILNICOLINAMIDA;X;esta (otro codigo);667469;METILNICOTINAMIDA;1.0;1
724;NO NN;895;;TREPONEMA PALLIDUM FTA ABS IGM/IFI;X;esta (otro codigo);669644;TREPONEMA PALLIDUM, FTA ABS, Ac. IgM Anti;1.0;2
725;NO NN;897;;TESTOSTERONA LIBRE;X;esta (otro codigo);669375;TESTOSTERONA LIBRE (To-L);1.0;2
736;NO NN;911;;METOXI-3/4 HIDROXIFENILETILGLICOL;X;esta (otro codigo);666204;HIDROXIPIRENO;0.5;1
738;NO NN;913;;MICROAGREGADO PLAQUETARIOS;X;esta (otro codigo);667495;MICROAGREGADO PLAQUETARIOS;1.0;2
739;NO NN;914;;MIOGLOBINA;X;esta (otro codigo);667546;MIOGLOBINA - sérica;0.5;1
740;NO NN;915;;MYCOPLASMA HOMINIS AISLAMIENTO CULTIVO;X;esta (otro codigo);667708;MYCOPLASMA HOMINIS, CULTIVO - Aislamiento;1.0;4
741;NO NN;916;;MYCOPLASMA PNEUMONIAE AC ESP FC;X;esta (otro codigo);661140;MYCOPLASMA PNEUMONIAE Ac Anti-IgG;1.0;2
742;NO NN;917;;MYCOPLASMA PNEUMONIAE AC IGM/IGG-IFI;;esta (otro codigo);661140;MYCOPLASMA PNEUMONIAE Ac Anti-IgG;1.0;2
745;NO NN;920;;PARACOCCIDIODES BRASILIENSIS AC-CIE;X;esta (otro codigo);668110;PARACOCCIDIOIDES BRASILIENSIS, Ac. IgG Anti;1.0;2
746;NO NN;921;;PARACOCCIDIODES BRASILIENSIS AC-ID;X;esta (otro codigo);668110;PARACOCCIDIOIDES BRASILIENSIS, Ac. IgG Anti;1.0;2
747;NO NN;922;;NN-DIMETILTRIPTAMINA;X;esta (otro codigo);664435;DIMETOATO;1.0;1
748;NO NN;923;;MANGANESO -AB.AT;X;esta (otro codigo);667338;MANGANESO - pelo;0.5;1
749;NO NN;924;;VARICELA ZOSTER ANTIC ANT VZ FC;X;esta (otro codigo);669810;VARICELA ZOSTER, Ac. IgM Anti;1.0;2
750;NO NN;925;;VARICELA ZOSTER ANTIC VZ IGM/IGG IFI;X;esta (otro codigo);669810;VARICELA ZOSTER, Ac. IgM Anti;1.0;2
751;NO NN;926;;VIRUS JUNIN ANTIC FC;X;esta (otro codigo);669853;VIRUS-JUNIN, Ac. Anti- IgG (FHA);1.0;2
752;NO NN;927;;VIRUS JUNIN ANTIC IGM/IGG IFI;X;esta (otro codigo);669853;VIRUS-JUNIN, Ac. Anti- IgG (FHA);1.0;2
753;NO NN;928;;EPSTEIN BARR ANTIC (SUERO) FC;X;esta (otro codigo);661060;EPSTEIN BARR, Ac. IgM Anti- (VEB / VCA IgM);0.67;2
754;NO NN;929;;EPSTEIN BARR ANTIVCA IGM/IG/IFI;;esta (otro codigo);661060;EPSTEIN BARR, Ac. IgM Anti- (VEB / VCA IgM);0.67;2
755;NO NN;930;;EPSTEIN BARR ANTI EA IFI;X;esta (otro codigo);661060;EPSTEIN BARR, Ac. IgM Anti- (VEB / VCA IgM);1.0;2
769;NO NN;946;;PAROTIDITIS ANTIC ESPEC FC;X;esta (otro codigo);668195;PAROTIDITIS, Ac. especif. por FC;1.0;2
770;NO NN;947;;PAROTIDITIS ANTIC ESP IGG/IGM IFI-ELISA;X;esta (otro codigo);668178;PAROTIDITIS, Ac. IgG Anti;1.0;1
771;NO NN;948;;PAROTIDITIS ANTIG IFI;X;esta (otro codigo);660040;ANTICUERPOS ANTIGLOMERULAR , (IFI);0.5;1
775;NO NN;955;;NIQUEL AB.AT;X;esta (otro codigo);667828;NIQUEL URINARIO (Ni urinario);0.5;1
777;NO NN;957;;TOXOPLASMOSIS IGM ELISA;X;esta (otro codigo);660870;TOXOPLASMOSIS (HA);1.0;1
778;NO NN;958;;DOSAJE DE VITAMINA C PLAQUETARIA;X;esta (otro codigo);669898;VITAMINA C (plaquetaria);1.0;2
782;NO NN;968;;RESPIRATORIO SINCICIAL ANTIC ESP FC;X;esta (otro codigo);669076;SINCICIAL RESPIRATORIO, Ac. IgG Anti;1.0;2
784;NO NN;970;;RESPIRATORIO SINCICIAL ANTIC ESP IP;X;esta (otro codigo);669076;SINCICIAL RESPIRATORIO, Ac. IgG Anti;1.0;2
790;NO NN;979;;ROTAVIRUS ANTIC ESPEC (CIE);X;esta (otro codigo);668930;ROTAVIRUS - AG -AC- MN (ELISA);0.5;1
791;NO NN;980;;ROTAVIRUS ANTIC ESPEC FC;X;esta (otro codigo);668930;ROTAVIRUS - AG -AC- MN (ELISA);0.5;1
794;NO NN;983;;SARAMPION AC ESPEC IGG/IGM ELISA;X;esta (otro codigo);668982;SARAMPION, Ac. IgG Anti;0.5;1
795;NO NN;984;;SARAMPION ANTIC. ESPEC. FC;X;esta (otro codigo);668982;SARAMPION, Ac. IgG Anti;0.5;1
796;NO NN;985;;SARAMPION ANTIG. IFI;X;esta (otro codigo);660040;ANTICUERPOS ANTIGLOMERULAR , (IFI);0.5;1
797;NO NN;986;;STREPTOZIMA;X;esta (otro codigo);669170;STREPTOCOCCUS PNEUMONIAE - PCR;0.5;1
799;NO NN;991;;SULFATOS EN ORINA;X;esta (otro codigo);668264;PDF orina;0.5;1
801;NO NN;994;;TITULACION DE ANTICUERPO VIII (MET.BIOL);X;esta (otro codigo);669486;TITULACIÓN de ANTICUERPO VIII (Met..Biol.);1.0;3
802;NO NN;996;;VARICELA ZOSTER AG. ESPECIF. IF;X;esta (otro codigo);669810;VARICELA ZOSTER, Ac. IgM Anti;0.67;2
803;NO NN;997;;VARICELA ZOSTER AG. ESPECIFICO IP;X;esta (otro codigo);669810;VARICELA ZOSTER, Ac. IgM Anti;1.0;2
806;NO NN;1001;;ANTICUERPOS ANTI ESPERMA;X;esta (otro codigo);664749;ESPERMA, Ac. Anti- ESPERMATOZOIDES (DIRECTO);0.5;1
807;NO NN;1002;;ANTICUERPOS ANTICITOPLASMA;X;esta (otro codigo);662709;ANTICOAGULANTE LÚPICO;0.5;1
808;NO NN;1003;;ANTICUERPOS CARDIOLIPINA;X;esta (otro codigo);663384;CARDIOLIPINAS, Ac. IgA Anti;1.0;1
809;NO NN;1004;;ANTICUERPOS CONTRA ANTIGENO;X;esta (otro codigo);660040;ANTICUERPOS ANTIGLOMERULAR , (IFI);0.5;1
810;NO NN;1005;;ANTICUERPOS C/CORE;X;esta (otro codigo);666272;HIV 1 ANTI-P-24 (core);1.0;1
811;NO NN;1006;;ANTICUERPOS ANTIRUBEOLA IGG IF;X;esta (otro codigo);666281;HIV - RESISTENCIA A ANTIRETROVIRALES;0.5;1
813;NO NN;1008;;ANTIDESOXIRRIBONUCLEICO;X;esta (otro codigo);660049;ANTIDESIXIRRIBONUCLEASA - ADNEASA – Anti-DNA.;0.5;1
814;NO NN;1009;;ALDOSTERONA URINARIA;X;esta (otro codigo);662461;ALDOSTERONA - urinaria;1.0;2
817;NO NN;1012;;ALFA 1 ANTITRIPSINA;X;esta (otro codigo);662504;ALFA 1 ANTITRIPSINA, Sérica;0.67;2
818;NO NN;1013;;ANTICUERPOS ANTIESPERMA EN ORINA;X;esta (otro codigo);660050;ANTIESTAFILOLISINA;0.5;1
819;NO NN;1014;;ANTICUERPOS ANTIESPERMA;X;esta (otro codigo);660050;ANTIESTAFILOLISINA;1.0;1
820;NO NN;1015;;AUTOHEMOLISIS;X;esta (otro codigo);662852;AUTOHEMÓLISIS, PRUEBA DE;1.0;1
821;NO NN;1016;;ANTI CADENA LIVIANA KAPPA;X;esta (otro codigo);660130;CADENA LIVIANA KAPPA Y LAMBDA - sérico (IMF);0.6;3
822;NO NN;1017;;ANTI CADENA LIVIANA LAMBDA;X;esta (otro codigo);660130;CADENA LIVIANA KAPPA Y LAMBDA - sérico (IMF);0.6;3
823;NO NN;1018;;ANTICUERPOS ANTIRETICULINA;X;esta (otro codigo);666281;HIV - RESISTENCIA A ANTIRETROVIRALES;0.5;1
824;NO NN;1019;;ANTICUERPOS ANTI PLAQUETAS;X;esta (otro codigo);667349;MAO plaquetario;1.0;1
825;NO NN;1020;;ANTICUERPOS ANTIGLICOFORINA;X;esta (otro codigo);660040;ANTICUERPOS ANTIGLOMERULAR , (IFI);1.0;1
826;NO NN;1021;;ANTICUERPOS ANTI CENTROMERO;X;esta (otro codigo);663563;CENTROMERO, Ac. Anti;1.0;1
827;NO NN;1022;;ANTICUERPOS ANTIRETICULINA;X;esta (otro codigo);666281;HIV - RESISTENCIA A ANTIRETROVIRALES;0.5;1
829;NO NN;1024;;ANTICUERPOS NUCLEARES EXTRA;X;esta (otro codigo);664623;ENA, Ac. Anti- (ANTÍGENOS NUCLEARES EXTRAÍDOS, Ac. Anti- ) - (SSA, SSB, Sm, RNP o U1RNP);0.5;2
830;NO NN;1025;;PROTEINAS DE BENCE JONES;X;esta (otro codigo);660108;BENCE- JONES, PROTEINAS de (HPLC / IMF);0.75;3
831;NO NN;1026;;BETA 2 MICROGLOBULINA;X;esta (otro codigo);667503;MICROGLOBULINA BETA 2;1.0;2
832;NO NN;1027;;CALCULO URINARIO, EXAMEN FISICO;X;esta (otro codigo);660138;CALCULO - urinario.;0.5;2
833;NO NN;1028;;CARBAMAZEPINA;X;esta (otro codigo);663367;CARBAMAZEPINA, EPÓXIDO DE;0.5;1
834;NO NN;1029;;CALCITONINA, PRUEBA C/GLUCOM.;X;esta (otro codigo);660416;GLUCOPROTEINOGRAMA.;0.5;1
835;NO NN;1031;;ANTIPEROXIDASA;X;esta (otro codigo);662521;Alfa 2 ANTIPLASMINA;0.5;1
836;NO NN;1032;;TEST DE STREPTOZIME;X;esta (otro codigo);669170;STREPTOCOCCUS PNEUMONIAE - PCR;0.5;1
837;NO NN;1033;;PEPTIDO C URINARIO;X;esta (otro codigo);668281;PEPTIDO C;0.5;1
838;NO NN;1034;;PEPTIDO C EN SUERO;X;esta (otro codigo);668281;PEPTIDO C;0.5;1
839;NO NN;1035;;INVESTIGACION ANTIC. HEPATITIS A;X;esta (otro codigo);660481;HEPATOGRAMA.;1.0;1
840;NO NN;1036;;INVESTIGACION ANTIC. HEPATITIS;X;esta (otro codigo);660481;HEPATOGRAMA.;1.0;1
841;NO NN;1037;;SUB.UNIDAD BETA GONAD. CORION (CUALITATI;X;esta (otro codigo);661170;SUBUNIDAD BETA de GONADOTROFINA CORIONICA (cualitativa) - HCG o β-HCG - Sub β;0.67;4
842;NO NN;1038;;ANTIG. ESPEC. DE PROSTATA LIBRE;X;esta (otro codigo);662734;ANTÍGENO PROSTÁTICO ESPECÍFICO, Libre+Total (PSA- L+T);0.75;3
843;NO NN;1040;;ANTICUERPOS ANTIENDOMICIO;X;esta (otro codigo);660050;ANTIESTAFILOLISINA;1.0;1
845;NO NN;1047;;TOXOCARIASIS;X;esta (otro codigo);669511;TOXOCARA CANIS, Ac. IgG Anti;0.5;1
847;NO NN;1050;;CATECOLAMINAS (en) PLASMATICA;X;esta (otro codigo);660009;ADRENALINA, plasmática (CATECOLAMINA plasmática);0.67;2
849;NO NN;1053;;DOPAMINA EN PLASMA;X;esta (otro codigo);660748;PLASMINOGENO (IDR);0.5;1
850;NO NN;1054;;DOPAMINA EN ORINA;X;esta (otro codigo);668264;PDF orina;0.5;1
853;NO NN;1057;;FENILETILAMINA;X;esta (otro codigo);660338;FENILALANINA, NEONATAL (PKU);0.5;1
854;NO NN;1058;;NITROZEPAN;X;esta (otro codigo);668101;Para NITROFENOL;1.0;1
855;NO NN;1060;;FRUCTOSAMINA;;esta (otro codigo);661065;FRUCTOSAMINA.;1.0;1
856;NO NN;1061;;ACIDO FOLICO;;esta (otro codigo);660352;FOLICO, ÁCIDO.;1.0;2
857;NO NN;1062;;ANTICUERPO DE SUPERFICIE (ANTI);X;esta (otro codigo);660738;PARASITOS SUPERIORES.;0.5;1
858;NO NN;1063;;ANTIGENO E (HBE AG);X;esta (otro codigo);660040;ANTICUERPOS ANTIGLOMERULAR , (IFI);1.0;1
860;NO NN;1065;;INV. CHLAMYDIA TRACHOMATIS DE FLUJO;X;esta (otro codigo);663623;CHLAMYDIA TRACHOMATIS, Ac. IgG Anti;0.67;2
867;NO NN;1074;;17 OH-PROGESTERONA;X;esta (otro codigo);660758;PROGESTERONA - Pg.;1.0;1
868;NO NN;1076;;H.I.V. WESTERN BLOT;;esta (otro codigo);661110;HIV, WESTERN- BLOT;1.0;2
869;NO NN;1077;;ANTIGENO DE SUPERFICIE (HBS AG);;esta (otro codigo);661086;HEPATITIS B, Antígeno de Superficie (Ag.HBs );0.67;2
871;NO NN;1079;;OX – CARBAMAZEPINA;X;esta (otro codigo);663367;CARBAMAZEPINA, EPÓXIDO DE;0.5;1
873;NO NN;1087;;VITAMINA D 25 HO;X;esta (otro codigo);660937;VITAMINA A.;1.0;1
876;NO NN;1097;;PIRIDOXINA;X;esta (otro codigo);668348;PIRIDINOLINA;1.0;1
878;NO NN;1101;;ESTUDIO DE SANGRE PERIFERICA;X;esta (otro codigo);666856;INMUNOMARCACIÓN EN SANGRE PERIFÉRICA.;0.67;2
881;NO NN;1104;;CARGA VIRAL H.I.V.;;esta (otro codigo);661105;HIV, CARGA VIRAL.;1.0;2
882;NO NN;1105;;ANTIC.ANTI MITOCONDRIAL IFI;X;esta (otro codigo);667571;MITOCONDRIAL M2, Ac. Anti- (AMA M2);1.0;1
884;NO NN;1110;;ANTIC. ANTIPEROXIDASA (ANTI-TPO);X;esta (otro codigo);662521;Alfa 2 ANTIPLASMINA;0.5;1
886;NO NN;1112;;COLINESTERASA;X;esta (otro codigo);665375;FOSFATIDIL COLINA, Ac. IgG Anti;0.5;1
888;NO NN;1115;;ESPERM./INSEMINACION;X;esta (otro codigo);664949;ESPERMA, SWIM UP (INSEMINACIÓN);0.67;2
890;NO NN;1118;;GALACTOSEMIA NEONATAL/GALACTOSA RN;X;esta (otro codigo);667768;NEONATAL, GALACTOSEMIA;1.0;2
891;NO NN;1121;;KRUGER TIPIFICACION MORFOLOGICA;X;esta (otro codigo);664862;ESPERMOGRAMA, MORFOLOGÍA DE KRUGER;0.5;2
892;NO NN;1122;;KPTT CORREGIDO C/PLASMA;X;esta (otro codigo);663996;CORRECCIÓN C/PLASMA NORMAL - TP;0.5;2
893;NO NN;1125;;PARATHORMONA MOLECULAR MEDIA;X;esta (otro codigo);668161;PARATHORMONA (PTH) (MOLECULA MEDIA);1.0;3
894;NO NN;1128;;ANTIGENO PROSTATICO ESPECIFICO LIBRE;X;esta (otro codigo);662734;ANTÍGENO PROSTÁTICO ESPECÍFICO, Libre+Total (PSA- L+T);1.0;3
896;NO NN;1130;;BIOTINIDASA;X;esta (otro codigo);663067;BIOTINA;1.0;1
897;NO NN;1132;;FACTOR ANTI NUCLEAR CUANTITATIVO;X;esta (otro codigo);660702;NUCLEOTIDASA - 5' N;0.5;1
901;NO NN;1136;;AC. ANTI-TOXOIDE TETANICO;X;esta (otro codigo);669538;TOXOIDE TETÁNICO, Ac. Anti;1.0;2
902;NO NN;1137;;ANTICUERPO ANTINEUMOCOCO POST;X;esta (otro codigo);660056;ANTINUCLEARES ANTICUERPOS (FAN / ANA / AAN);0.5;1
904;NO NN;1139;;PMN EN MATERIA FECAL;X;esta (otro codigo);660736;PARASITOLOGICO en MATERIA FECAL.;0.67;2
905;NO NN;1140;;PROTEINA C;;esta (otro codigo);660767;PROTEINURIA.;1.0;1
906;NO NN;1141;;PROTEINA S TOTAL;X;esta (otro codigo);660767;PROTEINURIA.;1.0;1
907;NO NN;1142;;PROTEINA S LIBRE;X;esta (otro codigo);668631;PROTEÍNA S Libre = Inmunoturbidimétrio;0.67;2
908;NO NN;1143;;ANCA C;X;esta (otro codigo);667811;NEUTRÓFILOS, Ac. Anti-  (ANCA);0.5;1
909;NO NN;1144;;ANCA P;X;esta (otro codigo);667811;NEUTRÓFILOS, Ac. Anti-  (ANCA);0.5;1
911;NO NN;1150;;PSICOFARMACOS EN ORINA;X;esta (otro codigo);668264;PDF orina;0.5;1
912;NO NN;1155;;DOSAJE DE PROTEINA C (COAGULADAS);X;esta (otro codigo);668648;PROTEÍNA S Funcional = coagulométrico;0.67;2
913;NO NN;1157;;GONADOTROFINA CORIONICA SUB BETA CUANTITATIVA;;esta (otro codigo);661175;SUBUNIDAD BETA de GONADOTROFINA CORIONICA β-HCG β (cuantitativa) - HCG o - Sub;0.8;4
914;NO NN;1158;;ANTIC. MICROSONAL (ELISA);X;esta (otro codigo);667520;MICROSPORIDIA INVESTIGACIÓN;1.0;1
917;NO NN;1185;;COLESTEROL VLDL;X;esta (otro codigo);660174;COLESTEROL TOTAL;0.5;1
918;NO NN;1186;;COMPLEMENTO C4;X;esta (otro codigo);660120;C3 - COMPLEMENTO;1.0;1
919;NO NN;1187;;COMPLEMENTO C5;X;esta (otro codigo);660120;C3 - COMPLEMENTO;1.0;1
921;NO NN;1190;;HEPATITIS B HBV CARGA VIRAL;X;esta (otro codigo);665914;HEPATITIS B, Carga viral;1.0;3
922;NO NN;1191;;HEPATITIS B HBV CARGA VIRAL ULTRASENSIBLE;X;esta (otro codigo);665914;HEPATITIS B, Carga viral;0.75;3
923;NO NN;1192;;HEPATITIS C HBC CARGA VIRAL;X;esta (otro codigo);665914;HEPATITIS B, Carga viral;1.0;3
924;NO NN;1193;;HEPATITIS C HBC CARGA VIRAL ULTRASENSIBLE;X;esta (otro codigo);665914;HEPATITIS B, Carga viral;0.75;3
926;NO NN;1195;;PNEUMOCYSTIS CARINI CULTIVO;X;esta (otro codigo);668426;PNEUMOCYSTIS CARINII, IFD;0.67;2
927;NO NN;1196;;PNEUMOCYSTIS CARINI AG;X;esta (otro codigo);668426;PNEUMOCYSTIS CARINII, IFD;1.0;2
928;NO NN;1197;;SATURACION DE TRANSFERRINA;X;esta (otro codigo);660875;TRANSFERRINA;0.5;1
929;NO NN;1199;;ACETILCOLINA, RECEPTORES;X;esta (otro codigo);662025;ACETILCOLINA, Ac. Anti- RECEPTORES (ACRA);0.67;2
930;NO NN;1200;;INHIBIDOR LUPICO;X;esta (otro codigo);662708;ANTICOAGULANTE LUPICO, CON INHIBICION X TTI;0.67;2
932;NO NN;1207;;DROGAS DE ABUSO;;esta (otro codigo);661050;DROGAS de ABUSO SCREENING (c/u);1.0;2
933;NO NN;1210;;INHIBINA (INB);X;esta (otro codigo);666811;INHIBIDOR DEL TPA;1.0;1
934;NO NN;1291;;P.C.R. (Reacción en cadena de la polimerasa);X;esta (otro codigo);668450;POLIMORFISMO IL 28B;0.5;1
936;NO NN;1294;;HOMOCISTEINA PLASMATICA;X;esta (otro codigo);660748;PLASMINOGENO (IDR);0.5;1
937;NO NN;1924;;HOMOCISTEINA SERICA;X;esta (otro codigo);666452;HOMOCISTEINA;0.5;1
938;NO NN;1925;;ANTI-TRANSGLUTAMINASA IGA;;esta (otro codigo);660875;TRANSFERRINA;1.0;1
939;NO NN;1926;;SCREENING NEONATAL;;esta (otro codigo);667785;NEONATAL, T.S.H.;1.0;1
940;NO NN;1927;;ANTIECUERPOS ANTI-ANCA;X;esta (otro codigo);660050;ANTIESTAFILOLISINA;0.5;1
941;NO NN;1928;;HEMOCULTIVO;X;esta (otro codigo);665794;HEMOCROMATOSIS, Gen HH;1.0;1
944;NO NN;1932;;ERITROPOYETINA;X;esta (otro codigo);660297;ERITROSEDIMENTACION;1.0;1
945;NO NN;1933;;CISTINURIA CUALITATIVA-BR;X;esta (otro codigo);663683;CISTINA;0.5;1
946;NO NN;1934;;TRIPSINOGENO;X;esta (otro codigo);669682;TRIPSINA, Ac. Anti;1.0;1
950;NO NN;1938;;CORTISOL PRUEBA DE ESTIMULACION;X;esta (otro codigo);660189;CORTISOL.;0.5;1
952;NO NN;1940;;DIMEROS D;X;esta (otro codigo);664418;DIMERO-D;1.0;1
954;NO NN;1942;;FOSFATASA ACIDA LEUCOCITARIA;X;esta (otro codigo);665319;FOSFATASA ÁCIDA LEUCOCITARIA;1.0;3
955;NO NN;1945;;LIQUIDO PUNCION SINOVIAL;X;esta (otro codigo);669464;TIROGLOBULINA - líquido de punción (TG LP);0.5;2
7;NN;2;660002;Acetonuria. Esta incluido en 711;;esta (mismo codigo);660002;ACETONURIA.;1.0;1
9;NN;4;660004;Acidimetría gástrica. Curva de;;esta (mismo codigo);660004;ACIDIMETRIA GASTRICA , CURVA DE;1.0;3
10;NN;5;660005;Acido base, estado, equilibrio, ph actual, pcO2, exceso de base (RB) bas buffer, bicarbonato. En urgencia sumar código 999. Esta incluido en 404;;esta (mismo codigo);660005;ÁCIDO BASE, Estado Ácido Base (EAB).;0.33;3
11;NN;6;660006;ACTH por radioinmunoensayo.;;esta (mismo codigo);660006;ACTH - HORMONA ADRENOCORTICOTROFINA.;0.25;1
12;NN;7;660007;Addis. Recuento de;;esta (mismo codigo);660007;ADDIS, RECUENTO DE;1.0;2
18;NN;13;660013;Aglutinina anti RH medio salino albuminoso coombs indirecto. En urgencia sumar código 999. Incluye 185;;esta (mismo codigo);660013;AGLUTININAS ANTI RH MEDIO SALINO ALBUMINOSO.;0.67;4
19;NN;14;660014;Aglutininas del sistema ABO. Medio albuminoso cualitativo.;;esta (mismo codigo);660014;AGLUTININAS del SISTEMAS ABO.;0.5;2
21;NN;16;660016;Alcohol dehidroganasa (ADH).;;esta (mismo codigo);660016;ALCOHOL DEHIDROGENASA, ADH.;1.0;2
22;NN;17;660017;Alcoholemia.;;esta (mismo codigo);660017;ALCOHOL ETÍLICO - sangre (ALCOHOLEMIA);0.33;1
23;NN;18;660018;Aldolasa.;;esta (mismo codigo);660018;ALDOLASA (Ald);1.0;1
24;NN;19;660019;Aldosterona plasmática radioinmunoensayo.;;esta (mismo codigo);660019;ALDOSTERONA.;0.33;1
25;NN;20;660020;Alfa feto proteínas radioinmunoensayo.;;esta (mismo codigo);660020;ALFA FETO PROTEINA (AFP);0.75;3
27;NN;22;660022;Amilasemia. En urgencia sumar código 999.;;esta (mismo codigo);660022;AMILASA - sérica.;0.5;1
28;NN;23;660023;Amilasuria. En urgencia sumar código 999.;;esta (mismo codigo);660023;AMILASA - urinaria.;0.5;1
30;NN;25;660025;Aminoacidemia fraccionada por cromatografía.;;esta (mismo codigo);660025;AMINOÁCIDOS FRACCIONADOS (Cromatografía - por fracción) -cualitativo;1.0;3
32;NN;27;660027;Aminoaciduria fraccionada por cromatografía.;;esta (mismo codigo);660027;AMINOACIDURIA FRACCIONADA (Cromatografía - por fracción) -cualitativo;1.0;3
33;NN;28;660028;Amniótico líquido, Células naranjas.;;esta (mismo codigo);660028;AMNIOTICO, LÍQUIDO CELULAS NARANJAS.;1.0;4
34;NN;29;660029;Amniótico líquido espectrofotometría (test de Lisley).;;esta (mismo codigo);660029;AMNIOTICO, LÍQUIDO (Espectrofotometría - Test de Lisley);1.0;4
35;NN;30;660030;Amniótico líquido relación lecitina esfingomielína.;;esta (mismo codigo);660030;AMNIOTICO, LÍQUIDO LECITINA - ESFINGOMIELINA.;0.8;4
36;NN;31;660031;Amonemia.;;esta (mismo codigo);660031;AMONEMIA.;1.0;1
37;NN;32;660032;AMP cíclico por radioinmunoensayo.;;esta (mismo codigo);660032;AMP CICLICO;0.5;1
38;NN;33;660033;Angiotensina I o II radioinmunoensayo (cada una).;;esta (mismo codigo);660033;ANGIOTENSINA I;0.5;1
39;NN;34;660034;Anhidrasa carbónica B eritrositária.;;esta (mismo codigo);660034;ANHIDRASA CARBONICA B ERITROCITARIA;1.0;3
40;NN;35;660035;Antibiograma. (ver norma gral. 12). Incluye 104-106;;esta (mismo codigo);660035;ANTIBIOGRAMA (ATBG);0.33;1
41;NN;36;660036;Antibiograma Bacilo de Koch (siete antibióticos).;;esta (mismo codigo);660036;ANTIBIOGRAMA BACILO DE KOCH (7) siete antibióticos.;1.0;4
45;NN;40;660040;Anicuerpos antiglomerular, inmunofluorescencia.;;esta (mismo codigo);660040;ANTICUERPOS ANTIGLOMERULAR , (IFI);0.33;1
46;NN;41;660041;Anticuerpos antimembrana basal inmunofluorescencia.;;esta (mismo codigo);660041;ANTICUERPOS ANTIMEMBRANA BASAL, (IFI);0.67;2
47;NN;42;660042;anticuerpos antimúsculo liso inmunofluorescencia.;;esta (mismo codigo);660042;ANTICUERPO ANTIMUSCULO LISO (ASMA), (IFI);0.5;2
48;NN;43;660043;Anticuerpos contra cepa bacteriana aislada.;;esta (mismo codigo);660043;ANTICUERPOS CONTRA CEPA BACTERIANA AISLADA;1.0;4
49;NN;44;660044;Anticuerpos antifracción microsomal de tiroides, hemoaglutinación.;;esta (mismo codigo);660044;ANTICUERPOS ANTIFRACCION MICROSOMAL DE TIROIDES (IFI);0.75;3
51;NN;46;660046;Anticuerpos, antitiroglobulina, hemoaglutinación.;;esta (mismo codigo);660046;ANTICUERPOS ANTITIROGLOBULINA (ATG);0.5;1
54;NN;49;660049;Antidesoxirribonucleasa (ADENASA).;;esta (mismo codigo);660049;ANTIDESIXIRRIBONUCLEASA - ADNEASA – Anti-DNA.;0.33;1
55;NN;50;660050;Antiestafilolisina.;;esta (mismo codigo);660050;ANTIESTAFILOLISINA;1.0;1
56;NN;51;660051;Antiestreptolisinas *O*.;;esta (mismo codigo);660051;"ANTIESTREPTOLISINAS ""O"" (ASO / ASTO / AELO), cuantitativa";0.25;1
57;NN;52;660052;Antiestreptoquinasa.;;esta (mismo codigo);660052;ANTIESTREPTOQUINASA;1.0;1
59;NN;54;660054;Antihialuronidasa.;;esta (mismo codigo);660054;ANTIHIALURONIDASA;1.0;1
60;NN;55;660055;Antimitocondriales, anticuerpos, inmunofluorescencia.;;esta (mismo codigo);660055;ANTIMITOCONDRIALES , ANTICUERPOS (AMA);0.5;1
61;NN;56;660056;Antinucleares, anticuerpos, inmunofluorescencia.;;esta (mismo codigo);660056;ANTINUCLEARES ANTICUERPOS (FAN / ANA / AAN);0.5;1
63;NN;58;660058;Antitrombina, titulación.;;esta (mismo codigo);660058;ANTITROMBINA III - con calibración de tres (3) puntos.;0.2;1
64;NN;59;660059;Arsénico.;;esta (mismo codigo);660059;ARSENICO (As) - sérico o urinario.;0.33;1
65;NN;60;660060;Ascórbico, ácido.;;esta (mismo codigo);660060;ASCORBICO, ÁCIDO - sérico;0.67;2
66;NN;61;660061;Autovacuna.;;esta (mismo codigo);660061;AUTOVACUNA, NO SE ACONSEJA POR RECOMENDACIÓN MÉDICA;0.25;1
91;NN;101;660101;Baciloscopía, directa (Zielh-Neelsen). En urgencia sumar código 999. Incluido en 102;;esta (mismo codigo);660101;BACILOSCOPIA DIRECTA - ZIEHL NEELSEN (por muestra);0.5;3
92;NN;102;660102;Baciloscopía directa y cultivo.;;esta (mismo codigo);660102;BACILOSCOPIA, DIRECTA y CULTIVO (por muestra);0.75;3
93;NN;103;660103;Baciloscopía por inmunofluorescencia.;;esta (mismo codigo);660103;BACILOSCOPIA, (IFI - por muestra);0.33;1
94;NN;104;660104;Bacteriología directa (Gram). En urgencia sumar código 999. Esta incluido en 35-105-106-187-468-532;;esta (mismo codigo);660104;BACTERIOLOGIA, DIRECTA (Coloración de Gram);0.75;3
95;NN;105;660105;Bacteriología directa y cultivo con identificación bioquímica de gérmenes. (ver norma número 12 item K) Esta incluido en 187-532-468;;esta (mismo codigo);660105;BACTERIOLOGICO, DIRECTO-CULTIVO e IDENTIFICACIÓN del GÉRMEN;0.62;5
97;NN;107;660107;Barbitúrico, en orina.;;esta (mismo codigo);660107;BARBITÚRICOS - urinarios.;0.33;1
98;NN;108;660108;Bence-Jones, proteínas de;;esta (mismo codigo);660108;BENCE- JONES, PROTEINAS de (HPLC / IMF);0.75;3
99;NN;109;660109;Bicarbonato. En urgencia sumar código 999. Incluido en 546;;esta (mismo codigo);660109;BICARBONATO.;1.0;1
100;NN;110;660110;Bilirrubinemia total, directa e indirecta. En urgencia sumar código 999. Incluido en 481;;esta (mismo codigo);660110;BILIRRUBINEMIA TOTAL, DIRECTA E INDIRECTA.;1.0;3
101;NN;111;660111;Bilirrubinuria.;;esta (mismo codigo);660111;BILIRRUBINURIA.;1.0;1
114;NN;131;660131;Cadena liviana, Kappa y Lambda.;;esta (mismo codigo);660131;CADENA LIVIANA KAPPA Y LAMBDA - urinario (IMF);0.8;4
115;NN;132;660132;Cadmio, tóxico en orina.;;esta (mismo codigo);660132;CADMIO (Cd) - urinario.;0.25;1
116;NN;133;660133;Calcemia total. En urgencia sumar código 999.;;esta (mismo codigo);660133;CALCEMIA TOTAL (Ca);1.0;1
117;NN;134;660134;Calcio iónico.;;esta (mismo codigo);660134;CALCIO IONICO.;1.0;2
118;NN;135;660135;Calcio, prueba de la sobrecarga de;;esta (mismo codigo);660135;CALCIO PRUEBA DE LA SOBRECARGA;1.0;2
119;NN;136;660136;Calciuria.;;esta (mismo codigo);660136;CALCIO - urinario.;0.5;1
120;NN;137;660137;Calcitonina plasmática, radioinmunoensayo.;;esta (mismo codigo);660137;CALCITONINA - sérica.;0.25;1
121;NN;138;660138;Cálculo urinario, exámen fisioquímico.;;esta (mismo codigo);660138;CALCULO - urinario.;0.5;2
122;NN;139;660139;Carbónico, anhídrido (PCO2). Incluido en 5-404;;esta (mismo codigo);660139;CARBONICO, ANDHIDRICO - (PCO2);0.5;2
123;NN;140;660140;Cariotipo, mapa cromosómico.;;esta (mismo codigo);660140;CARIOTIPO, MAPA CROMOSOMICO.;1.0;3
124;NN;141;660141;Caroteno beta, en sangre.;;esta (mismo codigo);660141;CAROTENO BETA - sérico.;0.5;2
126;NN;143;660143;Catecoláminas libres fraccionadas.;;esta (mismo codigo);660143;CATECOLAMINAS , LIBRES - FRACCIONADAS;1.0;3
127;NN;144;660144;CEA (carcinoembriogénico) por radioinmunoensayos.;;esta (mismo codigo);660144;CEA - ANTÍGENO CARCINOEMBRIOGENICO.;0.33;1
131;NN;148;660148;Células neoplásicas (líquidos, exudados, trasudados).;;esta (mismo codigo);660148;CELULAS NEOPLASICAS - líquidos, exudados, trasudados.;1.0;5
133;NN;150;660150;Cerebrosidos, cromatografía.;;esta (mismo codigo);660150;CEREBROSIDOS (Cromatográfico).;1.0;2
134;NN;151;660151;Ceruloplasmina.;;esta (mismo codigo);660151;CERULOPLASMINA.;1.0;1
135;NN;152;660152;Cetogenoesteroides urinarios.;;esta (mismo codigo);660152;CETOGENOESTEROIDES - urinarios.;1.0;2
137;NN;154;660154;Cetonemia.;;esta (mismo codigo);660154;CETONEMIA.;1.0;1
140;NN;157;660157;17 - Cetoesteroides neutros urinarios totales -;;esta (mismo codigo);660157;17- CETOESTEROIDES .NEUTROS TOTALES;0.75;3
141;NN;158;660158;17 - cetoesteroides, prueba o respuesta de los, a la estimulación con ACTH -;;esta (mismo codigo);660158;17 CETOESTER. , Prueba/Resp. de los , A LA ESTIMULACION CON ACTH;0.6;3
142;NN;159;660159;17 - Cetoesteroides, prueba o respuesta de los, a la inhibición con dexametasona -;;esta (mismo codigo);660159;17 CETOESTER. , Pba/Resp. de los , A LA INHIBIC. CON DEXAMETASONA;0.6;3
143;NN;160;660160;17 - cetoesteroides, prueba o respuesta de los, a la inhibición con dexametasona y estimulación  con gonadotrofinas coriónicas -;;esta (mismo codigo);660160;17 CETOESTER., Pba/Rta. de los, A LA INHIB. C/DEXAMET. Y ESTIMUL.c/GONAD.CORIONICAS;0.86;6
144;NN;161;660161;17 - Cetoesteroides y 17 hidroxicorticoides, prueba o rrespuesta de los,  a la estimulación con ACTH -;;esta (mismo codigo);660161;17 CETOESTER. Y 17 HIDROXICORT., Pba/Rta.de los, A LA ESTIMUL.c/ ACTH;0.8;4
146;NN;163;660163;Citología exfoliativa (inmunofluorescente).;X;esta (mismo codigo);660163;CITOLOGIA EXFOLIATIVA;0.67;2
147;NN;164;660164;Citología vaginal hormonal (una muestra).;;esta (mismo codigo);660164;CITOLOGIA EXFOLIATIVA - VAGINAL HORMONAL (por cada muestra);0.8;4
149;NN;166;660166;Citología vaginal hormonal, un ciclo.;X;esta (mismo codigo);660166;CITOLOGIA VAGINAL HORMONAL de UN (1) CICLO;1.0;4
150;NN;167;660167;Cítrico Acido. Incluido en 298;;esta (mismo codigo);660167;CITRICO, ÁCIDO - líquido seminal (ESTUDIO DEL SEMEN);0.4;2
151;NN;168;660168;Cloro plasmático. En urgencia sumar código 999. Incluido 546;;esta (mismo codigo);660168;CLORO (Cl) - sérico.;0.33;1
152;NN;169;660169;Coagulación y sangria. Tiempo de. En urgencia sumar código 999. Incluido en 171;;esta (mismo codigo);660169;COAGULACION, TIEMPO DE;0.67;2
153;NN;170;660170;Coágulo. Retracción del;;esta (mismo codigo);660170;COAGULO, RETRACCION DEL;1.0;2
155;NN;172;660172;Cobre en sangre.;;esta (mismo codigo);660172;COBRE (Cu) - sérico.;0.33;1
156;NN;173;660173;Cocaína.;;esta (mismo codigo);660173;COCAINA (Inmunocromatografía/Cromatográfico);0.33;1
157;NN;174;660174;Colesterol total. Incluido en 481;;esta (mismo codigo);660174;COLESTEROL TOTAL;1.0;1
159;NN;176;660176;Colonias. Recuento de;;esta (mismo codigo);660176;COLONIAS, RECUENTO DE.;1.0;2
160;NN;177;660177;Compatibilidad Rhogam sangre materna (incluye determinación de DU y coombs indirecta).;;esta (mismo codigo);660177;COMPATIBILIDAD - sangre materna.;0.5;3
161;NN;178;660178;Compatibilidad sanguínea matrimonial: Dos grupos sistema ABO y dos genotipos sistema RH.;;esta (mismo codigo);660178;COMPATIBILIDAD MATRIMONIAL - sanguínea en cónyuges.;0.43;3
162;NN;179;660179;Complemento, actividad total.;;esta (mismo codigo);660179;COMPLEMENTO, ACTIVIDAD TOTAL.- COMPLEMENTO 50% LISIS (CH-50);0.67;2
163;NN;180;660180;Complemento, valoración inmunoquímica: C1Q, C15, C3, C4, C5, C7, C8, cada determinación.;;esta (mismo codigo);660180;COMPLEMENTO VALORACION INMUNOQUIMICA;1.0;3
164;NN;181;660181;Concentración de líquidos biológicos.;;esta (mismo codigo);660181;CONCENTRACIÓN DE LIQUIDOS BIOLÓGICOS.;1.0;3
165;NN;182;660182;Concentración. prueba de la (función renal).;;esta (mismo codigo);660182;CONCENTRACIÓN, PRUEBA DE LA - FUNCION RENAL;1.0;3
167;NN;184;660184;Coombs directa. Prueba. En urgencia sumar código 999.;;esta (mismo codigo);660184;COOMBS DIRECTA POLIESPECÍFICA, PRUEBA DE;0.67;2
169;NN;186;660186;Coombs indirecta cuantitativa.;;esta (mismo codigo);660186;COOMBS INDIRECTA;0.67;2
170;NN;187;660187;Coprocultivo. (ver norma número 12 item N) Incluye 104-105-106;;esta (mismo codigo);660187;COPROCULTIVO.;0.33;1
172;NN;189;660189;Cortisol plasmático, radioinmunoensayo.;;esta (mismo codigo);660189;CORTISOL.;0.33;1
173;NN;190;660190;Creatinquinasa (CPK). En urgencia sumar código 999.;;esta (mismo codigo);660190;CREATINQUINASA - CPK.;1.0;1
174;NN;191;660191;Creatina, orina o sangre.;;esta (mismo codigo);660191;CREATININA - en orina;0.67;2
175;NN;192;660192;Creatinina, orina o sangre. En urgencia sumar código 999.;;esta (mismo codigo);660192;CREATININA - en sangre;0.67;2
176;NN;193;660193;Creatinina, clearence de depuración. Incluye 191-192;;esta (mismo codigo);660193;CREATININA, CLEARENCE DE DEPURACION.;1.0;3
177;NN;194;660194;Crioaglutinina.;;esta (mismo codigo);660194;CRIOAGLUTININA.;1.0;1
178;NN;195;660195;Crioglubulinas.;;esta (mismo codigo);660195;CRIOGLOBULINAS.;1.0;1
179;NN;196;660196;Cromatina sexual.;;esta (mismo codigo);660196;CROMATINA SEXUAL;1.0;2
210;NN;241;660241;Chagas. Aglutinacíon directa.;;esta (mismo codigo);660241;CHAGAS (AD);0.33;1
211;NN;242;660242;Chagas, fijación de complemento.;;esta (mismo codigo);660242;CHAGAS (HAI);0.33;1
212;NN;243;660243;Chagas, inmunofluorescencia.;;esta (mismo codigo);660243;CHAGAS, Ac. Totales / IgG (IFI / ELISA / QL);0.33;1
213;NN;244;660244;Chagas, reacción de latex.;;esta (mismo codigo);660244;CHAGAS, PARASITEMIA.;0.33;1
226;NN;261;660261;Davidson diferencial, prueba de;;esta (mismo codigo);660261;DAVIDSON DIFERENCIAL PRUEBA;1.0;2
227;NN;262;660262;Dehidroepiandrosterona en orina.;;esta (mismo codigo);660262;DEHIDROEPIANDROSTERONA, SULFATO - DHEA-S.;0.25;1
231;NN;266;660266;Dilución. Prueba de la funcón renal.;;esta (mismo codigo);660266;DILUCION , PRUEBA DE LA FUNCION RENAL;0.5;2
233;NN;268;660268;Digoxin (por radioinmunoensayo).;;esta (mismo codigo);660268;DIGOXIN (DIGOXINA);0.5;1
234;NN;269;660269;Disacaridasas.;;esta (mismo codigo);660269;DISACARIDASAS.;1.0;1
252;NN;293;660293;Embarazo. Reacción inmunológica para. En urgencia sumar código 999.;;esta (mismo codigo);660293;EMBARAZO, REACCIÓN INMUNOLÓGICA PARA;1.0;2
254;NN;295;660295;Eosinófilos. Recuento de;;esta (mismo codigo);660295;EOSINÓFILOS, RECUENTO de (en moco nasal);0.5;2
255;NN;296;660296;Eritroblastos. Porcentaje de;;esta (mismo codigo);660296;ERITROBLASTOS PORCENTAJE DE;1.0;1
256;NN;297;660297;Eritrosedimentación. En urgencia sumar código 999.;;esta (mismo codigo);660297;ERITROSEDIMENTACION;1.0;1
257;NN;298;660298;Espermograma. Incluye 167-355-356;;esta (mismo codigo);660298;ESPERMOGRAMA BASICO (EIVE);0.33;1
258;NN;299;660299;Estricnina, en líquidos biológicos.;;esta (mismo codigo);660299;ESTRICNINA - líquidos biológicos.;1.0;3
259;NN;300;660300;Estradiol plamático, (por radioinmunoensayo).;;esta (mismo codigo);660300;ESTRADIOL (E2) - sérico;0.25;1
260;NN;301;660301;Estriol urinario. En urgencia sumar código 999.;;esta (mismo codigo);660301;ESTRIOL - urinario.;1.0;2
261;NN;302;660302;Estriol plasmático, (por radioinmunoensayo).;;esta (mismo codigo);660302;ESTRIOL - sérico.;0.25;1
263;NN;304;660304;Estrógenos totales, (por radioinmunoensayo).;;esta (mismo codigo);660304;ESTROGENOS TOTALES;0.67;2
264;NN;305;660305;Estrona plasmática, (por radioinmunoensayo).;;esta (mismo codigo);660305;ESTRONA - sérica.;0.25;1
267;NN;308;660308;Euglobulinas, test de . En urgencia sumar código 999.;;esta (mismo codigo);660308;EUGLOBULINAS, TEST DE;1.0;1
268;NN;309;660309;Exudado nasofaríngeo. Investigación Loefler.;;esta (mismo codigo);660309;EXUDADO NASOFARINGEO, CULTIVO.;0.5;2
278;NN;331;660331;Factor de coagulación V.;;esta (mismo codigo);660331;FACTOR DE COAGULACION V.;1.0;2
279;NN;332;660332;Factor de coagulación VII.;;esta (mismo codigo);660332;FACTOR DE COAGULACION VII.;1.0;2
280;NN;333;660333;Factor de coagulación VIII.;;esta (mismo codigo);660333;FACTOR DE COAGULACION VIII.;1.0;3
281;NN;334;660334;Factor de coagulación IX.;;esta (mismo codigo);660334;FACTOR DE COAGULACION IX.;1.0;2
282;NN;335;660335;Factor de coagulación X.;;esta (mismo codigo);660335;FACTOR DE COAGULACION X.;1.0;2
283;NN;336;660336;Factor de migración linfocitaria (MIF).;;esta (mismo codigo);660336;FACTOR DE MIGRACION LINFOCITARIA - MIF.;1.0;3
284;NN;337;660337;Fenil-Alanina.;;esta (mismo codigo);660337;FENILALANINA CONFIRMATORIO (HPLC);0.25;1
285;NN;338;660338;Fenil-Cetonuria.;;esta (mismo codigo);660338;FENILALANINA, NEONATAL (PKU);0.33;1
287;NN;340;660340;Fenilpirúvico. Acido cuantitativo en orina.;;esta (mismo codigo);660340;FENILPIRUVICO, ÁCIDO - urinario (cualitativo);0.5;2
289;NN;342;660342;Fenotiazinas.;;esta (mismo codigo);660342;FENOTIAZINAS.;1.0;1
290;NN;343;660343;Ferremía.;;esta (mismo codigo);660343;FERREMIA (Fe);1.0;1
291;NN;344;660344;Fibrína. Productos de degradación (PDF).;;esta (mismo codigo);660344;FIBRINOGENO, PRODUCTOS DE DEGRADACION - PDF - plasmático.;0.75;3
292;NN;345;660345;Fibrinógeno en sangre. En urgencia sumar código 999.;;esta (mismo codigo);660345;FIBRINOGENO - sangre.;1.0;2
296;NN;349;660349;Físico químico, examen. (líquidos, exudados, trasudados) Incluye: Aspecto, Caracteres, Cloruros, Proteínas, Rivolta y Glucosa.;;esta (mismo codigo);660349;FISICO QUIMICO - Examen de Exudados, Trasudados.;0.42;5
297;NN;350;660350;Fluoremia.;;esta (mismo codigo);660350;FLUOREMIA (F);1.0;1
299;NN;352;660352;Fólico. Acido microbiológico.;;esta (mismo codigo);660352;FOLICO, ÁCIDO.;0.67;2
300;NN;353;660353;Fondo oscuro.;;esta (mismo codigo);660353;FONDO OSCURO.;1.0;2
301;NN;354;660354;Fórmula leucocitaria. En urgencia sumar código 999. Incluido en 475;;esta (mismo codigo);660354;FORMULA LEUCOCITARIA.;1.0;2
302;NN;355;660355;Fosfatasa ácida prostática. Incluye 356;;esta (mismo codigo);660355;FOSFATASA ACIDA PROSTATICA (EFM).;1.0;3
303;NN;356;660356;Fosfatasa ácida total. Incluido en 355;;esta (mismo codigo);660356;FOSFATASA ACIDA TOTAL (EFM).;1.0;2
304;NN;357;660357;Fosfatasa alcalina. En urgencia sumar código 999. Incluido en 481;;esta (mismo codigo);660357;FOSFATASA ALCALINA (FAL);1.0;2
305;NN;358;660358;Fosfatasa alcalina citoquímica(Gomori).;;esta (mismo codigo);660358;FOSFATASA ALCALINA CITOQUIMICA GOMORI;1.0;4
306;NN;359;660359;Fosfatasa alcalina citoquímica(Kaplow).;;esta (mismo codigo);660359;FOSFATASA ALCALINA CITOQUIMICA KAPLOW;1.0;4
307;NN;360;660360;Fosfatasa alcalina(Termoestable).;;esta (mismo codigo);660360;FOSFATASA ALCALINA TERMOESTABLE.;1.0;3
308;NN;361;660361;Fosfatasa alcalina(Isoenzimas).;;esta (mismo codigo);660361;FOSFATASA ALCALINA - ISOENZIMAS.;1.0;3
309;NN;362;660362;Fosfatemia.;;esta (mismo codigo);660362;FOSFATEMIA (P);1.0;1
310;NN;363;660363;Fosfaturia.;;esta (mismo codigo);660363;FOSFATURIA (P);1.0;1
311;NN;364;660364;Fosfo-exosa-isomerasa.;;esta (mismo codigo);660364;FOSFO- HEXOSA- ISOMERASA;0.5;2
312;NN;365;660365;Fosfolípidos.;;esta (mismo codigo);660365;FOSFOLIPIDOS;1.0;1
313;NN;366;660366;Fósforo, clearence. Depuración de;;esta (mismo codigo);660366;FOSFORO CLEARENCE DEPURACION.;1.0;3
314;NN;367;660367;Fósforo. Reabsorción tubular de;;esta (mismo codigo);660367;FOSFORO REABSORCION TUBULAR;1.0;3
315;NN;368;660368;Fragmento FAB FC.;;esta (mismo codigo);660368;FRAGMENTO FAB FC;1.0;1
320;NN;373;660373;Funcional. Examen (materia fecal).;;esta (mismo codigo);660373;FUNCIONAL, EXAMEN DE MATERIA FECAL - básico;0.8;4
329;NN;401;660401;Galactosa.Prueba de la;;esta (mismo codigo);660401;GALACTOSA , PRUEBA DE LA;1.0;1
330;NN;402;660402;Galactosemia.;;esta (mismo codigo);660402;GALACTOSEMIA.;1.0;1
331;NN;403;660403;Galactosuria.;;esta (mismo codigo);660403;GALACTOSURIA;1.0;1
332;NN;404;660404;Gases en sangre, PCO2 y PO2. Incluye 5-716;;esta (mismo codigo);660404;GASES EN SANGRE, PCO2 y PO2.;1.0;3
333;NN;405;660405;Gastrina plasmática. Radioinmunoensayo.;;esta (mismo codigo);660405;GASTRINA, sérica.;0.25;1
337;NN;409;660409;Glóbulos blancos. Recuento de. En urgencia sumar código 999. Incluido en 475;;esta (mismo codigo);660409;GLOBULOS BLANCOS, RECUENTO DE;1.0;3
338;NN;410;660410;Glóbulos rojos. Recuento de. Incluido en 475;;esta (mismo codigo);660410;GLOBULOS ROJOS, RECUENTO DE;1.0;3
339;NN;411;660411;Glucagón. Test del;;esta (mismo codigo);660411;GLUCAGON.;1.0;1
340;NN;412;660412;Glucemia. En urgencia sumar código 999. Incluido en 413;;esta (mismo codigo);660412;GLUCEMIA (C/U);1.0;1
341;NN;413;660413;Glucemia. Curva de. Incluye 412, se factura 677 x cada muestra;;esta (mismo codigo);660413;GLUCEMIA, PRUEBA de SOBRECARGA (x 2 - dos determinaciones);0.25;1
343;NN;415;660415;Glucógeno. Citoquímico.;;esta (mismo codigo);660415;GLUCOGENO , CITOQUIMICO;1.0;2
344;NN;416;660416;Glucoproteinograma.;;esta (mismo codigo);660416;GLUCOPROTEINOGRAMA.;1.0;1
345;NN;417;660417;Glucosa 6-Fosfatodehidrogenasa, en glóbulos.;;esta (mismo codigo);660417;GLUCOSA en orina (C/U);0.25;1
346;NN;418;660418;Glucosa 6-Fosfatodehidrogenasa, en suero.;;esta (mismo codigo);660418;GLUCOSA 6-FOSFATO ISOMERASA;0.5;2
347;NN;419;660419;Glumato dehidrogenasa.;;esta (mismo codigo);660419;GLUTAMATO DEHIDROGENASA;0.33;1
348;NN;420;660420;Glutamil transpeptidasa.Gamma.En urgencia sumar código 999.;;esta (mismo codigo);660420;GLUTAMIL TRANSPEPTIDASA. Gamma;1.0;3
356;NN;428;660428;Gonococos.(por inmunofluorescencia).;;esta (mismo codigo);660428;GONOCOCOS , POR INMUNOFLUORESCENCIA;1.0;2
358;NN;430;660430;Graham.Test de (seriado, 7 días consecutivos).;;esta (mismo codigo);660430;GRAHAM, TEST DE;0.25;1
360;NN;432;660432;Grasas. Materia fecal. Cuantitativo (Van de Kamer).;;esta (mismo codigo);660432;GRASAS, CUANTITATIVO (Van de Kamer) - materia fecal;1.0;4
361;NN;433;660433;Grupo sanguíneo. En urgencia sumar código 999.;;esta (mismo codigo);660433;GRUPO SANGUÍNEO y FACTOR Rho - Du / Dµ;0.67;2
387;NN;463;660463;Haptoglobulina. Inmunodifusión cuantitativa.;;esta (mismo codigo);660463;HAPTOGLOBINA.;0.33;1
388;NN;464;660464;Heins. Cuerpos de;;esta (mismo codigo);660464;HEINZ, CUERPOS DE (tinción);0.25;1
389;NN;465;660465;Hematíes. Resistencia globular osmótica.;;esta (mismo codigo);660465;HEMATIES, RESISTENCIA GLOBULAR OSMOTICA (CURVA DE FRAGILIDAD OSMOTICA DE ERITROCITOS);0.57;4
390;NN;466;660466;Hematocrito. En urgencia sumar código 999. Incluido en 475-546;;esta (mismo codigo);660466;HEMATOCRITO.;1.0;1
391;NN;467;660467;"Hemoaglutinógenos, A2, DU, etc; cada determinación. En urgencia sumar código 999.";;esta (mismo codigo);660467;HEMOAGLUTINOGENOS A2 C/ U;1.0;1
392;NN;468;660468;Hemocultivo, aerobios, y anaerobios. en urgencia sumar código 999. Incluye 104-105-665, corresponde 677 x cada muestra;;esta (mismo codigo);660468;HEMOCULTIVO AEROBIOS (c/u);0.67;2
394;NN;470;660470;Hemoglobina. Dosaje de. En urgencia sumar código 999. Incluido en 475;;esta (mismo codigo);660470;HEMOGLOBINA, DOSAJE DE (Hb);1.0;1
395;NN;471;660471;Hemoglobina. Electroforesis de;;esta (mismo codigo);660471;HEMOGLOBINA, ELECTROFORESIS.;1.0;2
396;NN;472;660472;Hemoglobina en plasma.;;esta (mismo codigo);660472;HEMOGLOBINA - plasmática;1.0;2
398;NN;474;660474;Hemoglobina alcalirresistente.;;esta (mismo codigo);660474;HEMOGLOBINA ALCALIRESISTENTE;1.0;2
399;NN;475;660475;Hemograma. En urgencia sumar código 999. Incluye 354-409-410-466-470;;esta (mismo codigo);660475;HEMOGRAMA.;1.0;1
400;NN;476;660476;Hemosilinas en caliente, titulación.;;esta (mismo codigo);660476;HEMOLISINAS EN CALIENTE, TITULACIÓN;0.5;2
401;NN;477;660477;Hemosilinas en frío, excluyendo anticuerpos de Donath-Lands-Teiner.;;esta (mismo codigo);660477;HEMOLISINAS EN FRIO,  EXCL. ANTI. DE DONATH;0.25;2
402;NN;478;660478;Hemopexina. Inmunodifusión cuantitativa.;;esta (mismo codigo);660478;HEMOPEXINA,  INMUNODIFUSION CUANTITATIVA;1.0;3
403;NN;479;660479;Hemosiderina.Investigación citoquímica.;;esta (mismo codigo);660479;HEMOSIDERINA - urinaria;0.33;1
404;NN;480;660480;Heparina. Resistencia a la (in vitro).;;esta (mismo codigo);660480;HEPARINA, RESISTENCIA A LA (In Vitro);1.0;3
405;NN;481;660481;Hepatograma o Hepatograma completo. En urgencia sumar código 999. Incluye 110-174-357-762-763-771-873-874;;esta (mismo codigo);660481;HEPATOGRAMA.;0.5;1
407;NN;483;660483;Hidatidosis. Hemoaglutinación.;;esta (mismo codigo);660483;HIDATIDOSIS (HAI);0.5;1
408;NN;484;660484;Hidatidosis. Test del latex.;;esta (mismo codigo);660484;HIDATIDOSIS, Ac. IgG ó Totales Anti- (IFI);0.33;1
409;NN;485;660485;Hidratos de carbono. Cromatografía bidimencional en papel (orina).;;esta (mismo codigo);660485;HIDRATOS DE CARBONO CROMATOGRAFIA, EN ORINA;0.67;4
410;NN;486;660486;17-Hidrocorticoides en orina.;;esta (mismo codigo);660486;17- HIDROXICORTICOIDES, EN ORINA;1.0;2
411;NN;487;660487;Hidroxindolacético, acido.;;esta (mismo codigo);660487;HIDROXINDOLACETICO, ÁCIDO.;1.0;2
412;NN;488;660488;Hidroxiprolinuria.;;esta (mismo codigo);660488;HIDROXIPROLINA - urinaria.;0.5;1
413;NN;489;660489;Hiperheparinemia.;;esta (mismo codigo);660489;HIPERHEPARINEMIA.;1.0;1
416;NN;492;660492;Homogentísico. Acido (orina).;;esta (mismo codigo);660492;HOMOGENTISICO , ACIDO - ORINA;1.0;3
417;NN;493;660493;Hubbner.Test de;;esta (mismo codigo);660493;HUBBNER , TEST DE;1.0;1
418;NN;494;660494;Huddlesson. Reacción de;;esta (mismo codigo);660494;HUDDLESSON, REACCION DE (Rosa de Bengala - Brucelosis).;0.25;1
438;NN;531;660531;Identificación de Mycobacterium.;;esta (mismo codigo);660531;MYCOBACTERIUM, IDENTIFICACION.;1.0;2
439;NN;532;660532;Identificación serológica de gérmenes. Incluye 104-105-106;;esta (mismo codigo);660532;IDENTIFICACION SEROLÓGICA DE GERMENES.;1.0;3
441;NN;534;660534;Indoxilemia.;;esta (mismo codigo);660534;INDOXILEMIA;1.0;1
442;NN;535;660535;Inmunoelectroforesis.;;esta (mismo codigo);660535;INMUNOELECTROFORESIS.;1.0;1
443;NN;536;660536;Inmunoelectroforesis de líquidos biológicos (no incluye concentración).;;esta (mismo codigo);660536;INMUNOELECTROFORESIS LIQUIDOS BIOLOGICOS.;0.75;3
444;NN;537;660537;Inmunoglobulina A (IGA), cadena alfa, cuantificación.;;esta (mismo codigo);660537;INMUNOGLOBULINA A (IgA);0.25;1
445;NN;538;660538;Inmunoglobulina D (IGD), cadena delta, cuantificación.;;esta (mismo codigo);660538;INMUNOGLOBULINA D (IgD);0.25;1
446;NN;539;660539;Inmunuglobulina E (IGE), cuantificación por (RIE).;;esta (mismo codigo);660539;INMUNOGLOBULINA E (IgE);0.5;1
447;NN;540;660540;Inmunoglobulina G (IGG), cadena específica gamma, cuantificación.;;esta (mismo codigo);660540;INMUNOGLOBULINA G (IgG);0.2;1
448;NN;541;660541;Inmunoglobulina M (IGM), cadena específica MU, cuantificación.;;esta (mismo codigo);660541;INMUNOGLOBULINA M (IgM);0.25;1
449;NN;542;660542;Insulina, clearence.;;esta (mismo codigo);660542;INULINA CLEARENCE;0.33;1
450;NN;543;660543;Insulina (por radioinmunoensayo) cada determinación.;;esta (mismo codigo);660543;INSULINA.;0.5;1
453;NN;546;660546;Ionograma plasmático. En urgencia sumar código 999. Incluye 109-168-466-753-839;;esta (mismo codigo);660546;IONOGRAMA - sérico.;0.33;1
454;NN;547;660547;Ionograma urinario. En urgencia sumar código 999. Incluye 754-839;;esta (mismo codigo);660547;IONOGRAMA - urinario.;1.0;2
455;NN;548;660548;Isocítrico dehidrogenasa.;;esta (mismo codigo);660548;ISOCITRICO DEHIDROGENASA.;1.0;2
484;NN;591;660591;Lactamínico, ácido.;;esta (mismo codigo);660591;LACTAMINICO, ÁCIDO.;1.0;2
485;NN;592;660592;Láctico, ácido (enzimático).;;esta (mismo codigo);660592;LÁCTICO, ÁCIDO ENZIMATICO.;1.0;3
486;NN;593;660593;Láctico, ácido. En materia fecal.;;esta (mismo codigo);660593;LÁCTICO, ÁCIDO - materia fecal.;1.0;4
487;NN;594;660594;Láctico dehidrogenasa (LDH). En urgencia sumar código 999.;;esta (mismo codigo);660594;LÁCTICO DEHIDROGENASA - LDH;1.0;2
489;NN;596;660596;Láctico dehidrogenasa isoenzimas por electroforesis.;;esta (mismo codigo);660596;LÁCTICO DEHIDROGENASA ISOENZIMAS - LDH Isoenzimas.;0.75;3
490;NN;597;660597;Lactógeno placentario. Hormona por radioinmunoensayo.;;esta (mismo codigo);660597;LACTOGENO PLACENTARIO / SOMATOMAMOTROFINA;0.4;2
491;NN;598;660598;Latex. Artritis reumatoidea.;;esta (mismo codigo);660598;FACTOR REUMATOIDEO - ARTRITIS REUMATOIDE;0.5;2
492;NN;599;660599;latex L.E.;X;esta (mismo codigo);660599;LATEX TEST DE, PARA ARTRITIS REUMATOIDE (s-cuant);0.25;1
495;NN;602;660602;Latex. Trichinosis.;;esta (mismo codigo);660602;TRICHINOSIS, INVESTIGACIÓN DE;0.5;1
496;NN;603;660603;Lazo, prueba del.;;esta (mismo codigo);660603;LAZO, PRUEBA DEL;1.0;1
499;NN;606;660606;Leucinaminopeptidasa.;;esta (mismo codigo);660606;LEUCINAMINOPEPTIDASA (LAP);1.0;1
501;NN;608;660608;Leucoaglutininas. Método directo.;;esta (mismo codigo);660608;LEUCOAGLUTININAS , METODO DIRECTO;1.0;2
503;NN;610;660610;Levulínico delta. Amino ácido.;;esta (mismo codigo);660610;LEVULINICO, ÁCIDO DELTA-AMINO;1.0;4
504;NN;611;660611;Levulínico delta. Amino dehidratasa.;;esta (mismo codigo);660611;LEVULINICO, DELTA DEHIDRATASA;0.75;3
506;NN;613;660613;Lipasa en sangre.;;esta (mismo codigo);660613;LIPASA, sérica.;0.33;1
508;NN;615;660615;Lipidograma electroforético.;;esta (mismo codigo);660615;LIPIDOGRAMA (Electroforético).;1.0;2
511;NN;618;660618;Lipoproteinlipasa.;;esta (mismo codigo);660618;LIPOPROTEINLIPASA;1.0;1
512;NN;619;660619;Líquido cefalorraquideo, físico, químico, citológico y bacterioscópico. En urgencia sumar código 999. Incluye 104-168-354-409-412-762-763;;esta (mismo codigo);660619;LIQUIDO CEFALORRAQUIDEO, Fco-Qco - Citológico.;0.5;3
513;NN;620;660620;Líquido de pución, físico, químico, citológico y bacterioscópico.En urgencia sumar código 999. Incluye 104;;esta (mismo codigo);660620;LIQUIDO DE PUNCION, Examen Fco-Qco - Citológico.;0.25;2
515;NN;622;660622;Listerias (por inmunofluorescencia).;;esta (mismo codigo);660622;LISTERIAS, Ac. Anti - (IFI - ELISA);0.5;1
535;NN;652;660652;Macroglobulina alfaz. Inmunodifusión cuantitativa.;;esta (mismo codigo);660652;MACROGLOBULINA ALFA 2, INMUNODIFUSION CUANTITATIVA;0.6;3
536;NN;653;660653;Magnesio en sangre.;;esta (mismo codigo);660653;MAGNESIO (Mg) - sérico.;0.33;1
537;NN;654;660654;Magnesio en orina.;;esta (mismo codigo);660654;MAGNESIO (Mg) - urinario.;0.33;1
539;NN;656;660656;Mantoux. Intradermorreacción (tuberculina o PPD).;;esta (mismo codigo);660656;MANTOUX, INTRADERMO-REACCION DE (PPD);0.67;2
540;NN;657;660657;Medulograma.;;esta (mismo codigo);660657;MEDULOGRAMA.;1.0;1
541;NN;658;660658;Melanina en orina.;;esta (mismo codigo);660658;MELANINA EN ORINA;1.0;2
543;NN;660;660660;Mercurio tóxico en orina.;;esta (mismo codigo);660660;MERCURIO (Hg) - sérico o urinario.;0.2;1
545;NN;662;660662;Metanefrinas.;;esta (mismo codigo);660662;METANEFRINAS FRACCIONADAS URINARIAS;0.33;1
546;NN;663;660663;Metanol en orina.;;esta (mismo codigo);660663;METANOL - urinario.;0.33;1
547;NN;664;660664;Micología. Directo o coloración. Incluido en 665-931;;esta (mismo codigo);660664;MICOLOGIA (Directo - Coloración).;1.0;3
548;NN;665;660665;Micología. Cultivo e identificación. Incluye 664;;esta (mismo codigo);660665;MICOLOGIA (Cultivo e Identificación).;1.0;3
550;NN;667;660667;Moco cervical, cristalización de.;;esta (mismo codigo);660667;MOCO CERVICAL, CRISTALIZACION;1.0;3
551;NN;668;660668;Moco nasal. PH y citológico.;;esta (mismo codigo);660668;MOCO NASAL, PH - CITOLOGICO.;1.0;3
552;NN;669;660669;Mononucleosis. Test del latex o monotest.;;esta (mismo codigo);660669;MONONUCLEOSIS (Aglutinación - Test de Látex o Monotest).;0.75;3
553;NN;670;660670;Mononucleosis. Hemoaglutinación (Paull-Bunnel).;;esta (mismo codigo);660670;MONONUCLEOSIS HEMOAGLUTINACION (Paul Bunnell);0.6;3
554;NN;671;660671;Mononucleosis. Hemolítico (Peterson).;;esta (mismo codigo);660671;MONONUCLEOSIS.;0.33;1
555;NN;672;660672;Monóxido de carbono.;;esta (mismo codigo);660672;MONÓXIDO de CARBONO.;1.0;2
556;NN;673;660673;Morfina o derivados en líquidos biológicos.;;esta (mismo codigo);660673;MORFINA OPIACEOS, DERIVADOS - líquidos biológicos.;0.8;4
557;NN;674;660674;Mucopolisacáridos. Cromatografía.;;esta (mismo codigo);660674;MUCOPOLISACARIDOS, CROMATOGRAFIA;1.0;2
558;NN;675;660675;Mucoproteínas.;X;esta (mismo codigo);660675;MUCOPROTEINAS;1.0;1
573;NN;702;660702;5´-Nucleotidasa.;;esta (mismo codigo);660702;NUCLEOTIDASA - 5' N;1.0;1
578;NN;711;660711;Orina completa. En urgencia sumar código 999. Incluye 741;;esta (mismo codigo);660711;ORINA COMPLETA.;1.0;2
580;NN;713;660713;Orosomucoide. Inmunodifusión cuantitativa.;;esta (mismo codigo);660713;OROSOMUCOIDE, INMUNODIFUSION CUANTITATIVA;1.0;3
581;NN;714;660714;Osmolal, clearence.;;esta (mismo codigo);660714;OSMOLARIDAD - CLEARENCE (sangre - orina);0.5;2
582;NN;715;660715;Osmolaridad, suero.;;esta (mismo codigo);660715;OSMOLARIDAD - suero.;1.0;2
583;NN;716;660716;Oxígeno, sangre (PD2). En urgencia sumar código 999. Incluido en 404;;esta (mismo codigo);660716;OXIGENO, PO2 - sangre arterial.;0.67;2
598;NN;734;660734;Papanicolau, endo y exocervical.;;esta (mismo codigo);660734;PAPANICOLAOU EXOCERVICAL;0.67;2
600;NN;736;660736;Parasitológico de materiafecal seriado.;;esta (mismo codigo);660736;PARASITOLOGICO en MATERIA FECAL.;0.5;2
601;NN;737;660737;Parásitos hemáticos.;;esta (mismo codigo);660737;PARASITOS HEMATICOS.;1.0;2
602;NN;738;660738;Parásitos superiores. Materia fecal.;;esta (mismo codigo);660738;PARASITOS SUPERIORES.;0.5;2
603;NN;739;660739;Parathormona plasmática (por radioinmunoensayo).;;esta (mismo codigo);660739;PARATHORMONA - PTH;0.33;1
604;NN;740;660740;Peroxidasas.;;esta (mismo codigo);660740;PEROXIDASAS, TINCION;0.5;1
607;NN;743;660743;Piruvato-Quinasa.;;esta (mismo codigo);660743;PIRUVATO- QUINASA;1.0;2
608;NN;744;660744;Pirúvico. Acido. Enzimático.;;esta (mismo codigo);660744;PIRUVICO, ÁCIDO ENZIMATICO;1.0;3
609;NN;745;660745;Plaquetarios. Factores.;;esta (mismo codigo);660745;PLAQUETARIOS, FACTORES;1.0;2
610;NN;746;660746;Plaquetas. Recuento de. En urgencia sumar código 999. Incluido en 171;;esta (mismo codigo);660746;PLAQUETAS, RECUENTO DE;1.0;2
611;NN;747;660747;Plasma recalcificado. Tiempo de. En urgencia sumar código 999.;;esta (mismo codigo);660747;PLASMA RECALCIFICADO, TIEMPO DE;1.0;3
612;NN;748;660748;Plasminógeno. Inmunodifusión cuantitativa.;;esta (mismo codigo);660748;PLASMINOGENO (IDR);0.33;1
613;NN;749;660749;Plomo, en orina.;;esta (mismo codigo);660749;PLOMO (Pb) - sérico o urinario.;0.25;1
615;NN;751;660751;Porfirinas en orina.;;esta (mismo codigo);660751;PORFIRINAS o UROPORFIRINAS - urinarias;0.25;1
616;NN;752;660752;Porfobilinógeno en orina;;esta (mismo codigo);660752;PORFOBILINOGENO (cualitativo) - urinario.;0.33;1
617;NN;753;660753;Potasemia. En urgencia sumar código 999. Incluido en 546;;esta (mismo codigo);660753;POTASEMIA.;1.0;1
618;NN;754;660754;Potasuria. En urgencia sumar código 999. Incluido en 547;;esta (mismo codigo);660754;POTASURIA.;1.0;1
619;NN;755;660755;Pregnanodiol.;;esta (mismo codigo);660755;PREGNANODIOL;1.0;1
620;NN;756;660756;Pregnanotriol.;;esta (mismo codigo);660756;PREGNANTRIOL;1.0;1
622;NN;758;660758;Progesterona plasmática (por radioinmunoensayo).;;esta (mismo codigo);660758;PROGESTERONA - Pg.;0.33;1
623;NN;759;660759;Prolactina plasmática (por radioinmunoensayo).;;esta (mismo codigo);660759;PROLACTINA (Prl);0.33;1
624;NN;760;660760;Protéico, clearence.;;esta (mismo codigo);660760;PROTEICO CLEARENCE;1.0;2
625;NN;761;660761;Proteína C reactiva. En urgencia sumar código 999.;;esta (mismo codigo);660761;PROTEINA C REACTIVA - PCR;1.0;2
627;NN;763;660763;Protínas totales. En urgencia sumar código 999.;;esta (mismo codigo);660763;PROTEINA TOTALES.;0.33;1
628;NN;764;660764;Proteinograma en acetato de celulosa.;;esta (mismo codigo);660764;PROTEINOGRAMA ELECTROFORÉTICO, en suero;0.2;1
629;NN;765;660765;Proteinograma, en gel de almidón.;X;esta (mismo codigo);660765;PROTEINOGRAMA ELECTROFORÉTICO - LCR;0.33;1
630;NN;766;660766;Proteinograma. Líquidos biológicos (no incluye concentración).;;esta (mismo codigo);660766;PROTEINOGRAMA - líquidos biológicos;0.75;3
631;NN;767;660767;Proteinuria. Incluido en 711;;esta (mismo codigo);660767;PROTEINURIA.;1.0;1
632;NN;768;660768;Protoporfirinas.;;esta (mismo codigo);660768;PROTOPORFIRINAS - eritrocitaria;0.5;1
633;NN;769;660769;Protrombina. Consumo de. En urgencia sumar código 999. Incluido en 171;;esta (mismo codigo);660769;PROTROMBINA, CONSUMO DE;1.0;2
634;NN;770;660770;Protrombina (Owren o Duckert).;;esta (mismo codigo);660770;PROTROMBINA, RIN;0.33;1
635;NN;771;660771;Protrombina. Tiempo de. En urgencia sumar códugo 999. Incluido en 171;;esta (mismo codigo);660771;PROTROMBINA, TIEMPO DE (TP);1.0;2
636;NN;772;660772;Pseudocolinesterasa.;;esta (mismo codigo);660772;PSEUDOCOLINESTERASA (CHE) o BUTIRILCOLINESTERASA.;0.5;1
647;NN;801;660801;Quimiotripsina.;;esta (mismo codigo);660801;QUIMIOTRIPSINA.;1.0;1
654;NN;812;660812;Renina-angiotesina plasmática- por radioensayo-;;esta (mismo codigo);660812;RENINA - ANGIOTESINA.;0.5;2
656;NN;814;660814;RH Factor C. (Mayúscula);;esta (mismo codigo);660814;Rho FACTOR C GRANDE;0.33;1
657;NN;815;660815;RH Factor C. (Minúscula);;esta (mismo codigo);660815;Rho FACTOR c CHICA;0.33;1
658;NN;816;660816;RH Factor E. (Mayúscula);;esta (mismo codigo);660816;Rho FACTOR E GRANDE;0.33;1
659;NN;817;660817;RH Factor E. (Minúscula);;esta (mismo codigo);660817;Rho FACTOR e CHICA;0.33;1
660;NN;818;660818;Reticulocitos. Recuento de;;esta (mismo codigo);660818;RETICULOCITOS, RECUENTO DE;1.0;2
662;NN;820;660820;Rosse-Ragan. Prueba de;;esta (mismo codigo);660820;ROSSE RAGAN, PRUEBA DE (RR);1.0;2
666;NN;831;660831;Salicilatos.;;esta (mismo codigo);660831;SALICILATOS.;1.0;1
667;NN;832;660832;Salmonella, anticuerpos, inmumnofluorescencia.;;esta (mismo codigo);660832;SALMONELLA, ANTICUERPOS (IFI - ELISA);0.5;1
668;NN;833;660833;Sangre oculta. Materia fecal. En urgencia sumar código 999;;esta (mismo codigo);660833;SANGRE OCULTA - materia fecal (SOMF) - inmunológico;0.67;4
670;NN;835;660835;Serotonina plasmática. (Por radioinmunoensayo);;esta (mismo codigo);660835;SEROTONINA - sérica.;0.25;1
672;NN;837;660837;Siderofilina. Capacidad de saturación.;;esta (mismo codigo);660837;SIDEROFILINA, CAPACIDAD de SATURACIÓN.;1.0;3
673;NN;838;660838;Sims-Hubbner. Test de;;esta (mismo codigo);660838;SIMS - HUHNER, TEST DE;0.33;1
674;NN;839;660839;Sodio, sangre u orina. Cada determinación. En urgencia sumar código 999. Incluido en 546-547;;esta (mismo codigo);660839;SODIO - sérico o urinario.;0.2;1
676;NN;841;660841;Somatotrofina plasmática. (Por radioinmunoensayo);;esta (mismo codigo);660841;SOMATOTROFINA (STH);0.33;1
680;NN;845;660845;Sorbitol dehidrogenasa.;;esta (mismo codigo);660845;SORBITOL DEHIDROGENSA;1.0;2
681;NN;846;660846;Subtipo A2, determinación.;;esta (mismo codigo);660846;SUBTIPO HEMOGLOBINA A2, DETERMINACION DE (electroforesis);0.33;1
682;NN;847;660847;Sudor. Test de (Electrolitos);;esta (mismo codigo);660847;SUDOR, TEST DE;0.5;1
697;NN;862;660862;Talio, en orina;;esta (mismo codigo);660862;TALIO (Tl) - urinario.;0.33;1
698;NN;863;660863;Testosterona plasmática o urinaria por radioinmunoensayo. Cada determinación;;esta (mismo codigo);660863;TESTOSTERONA - To;0.25;1
699;NN;864;660864;Thorn. Prueba de. Incluido en 481;;esta (mismo codigo);660864;THORN, PRUEBA DE;1.0;1
700;NN;865;660865;Tirotrofina plasmática. (Por radioinmunoensayo);;esta (mismo codigo);660865;TIROTROFINA - TSH;0.33;1
701;NN;866;660866;Tiroxina total. (T4) (por radioinmunoensayo);;esta (mismo codigo);660866;TIROXINA TOTAL - T4;0.5;1
702;NN;867;660867;Tiroxina efectiva (ETR) (T4) (por radioinmunoensayo);;esta (mismo codigo);660867;TIROXINA EFECTIVA - LIBRE (FT4 / T4L);0.5;2
703;NN;868;660868;Tolbutamida. Prueba de;;esta (mismo codigo);660868;TOLBUTAMIDA PRUEBA DE;1.0;1
704;NN;869;660869;Toxoplasmosis. Fijación de complemento.;X;esta (mismo codigo);660869;TOXOPLASMOSIS, FIJACIÓN DE COMPLEMENTO;1.0;3
705;NN;870;660870;Toxoplasmosis, hemoaglutinación;;esta (mismo codigo);660870;TOXOPLASMOSIS (HA);0.5;1
706;NN;871;660871;Toxoplasmosis, inmunofluorescencia. (Gamma específica);X;esta (mismo codigo);660871;TOXOPLASMOSIS (IFI);0.25;1
707;NN;872;660872;Toxoplasmosis. Reacción de Savin-Feldman.;;esta (mismo codigo);660872;TOXOPLASMOSIS, REACCION SABIN FELDMAN;0.5;2
708;NN;873;660873;Transaminasa glutámico oxalacética. En urgencia sumar código 999. Incluido en 481;;esta (mismo codigo);660873;TRANSAMINASA, GLUTAMICO OXALACETICA (GOT / AST);1.0;3
709;NN;874;660874;Transaminasa glutámico pirúvica. En urgencia sumar código 999. Incluido en 481;;esta (mismo codigo);660874;TRANSAMINASA, GLUTAMICO PIRUVICA (GPT / AGT);1.0;3
710;NN;875;660875;Transferrina, inmunodifución cuantitativa.;;esta (mismo codigo);660875;TRANSFERRINA;0.33;1
711;NN;876;660876;triglicéridos.;;esta (mismo codigo);660876;TRIGLICERIDOS (Tg);1.0;1
712;NN;877;660877;Triiodotironina. (T3) (Uptake) ( por radioinmunoensayo);;esta (mismo codigo);660877;(Ver MAM) T3 TRIIODOTIRONINA UPTAKE;0.67;2
713;NN;878;660878;Triiodotironina total (TT3) (por radioinmunoensayo);;esta (mismo codigo);660878;TRIIODOTIRONINA TOTAL - T3;0.5;1
714;NN;879;660879;Trombina. Prueba de la generación de;;esta (mismo codigo);660879;TROMBINA, PRUEBA DE GENERACIÓN DE LA;1.0;2
715;NN;880;660880;Trombina. Tiempo de;;esta (mismo codigo);660880;TROMBINA, TIEMPO DE;1.0;2
722;NN;887;660887;TTPC. Tiempo de tromboplastina parcial con caolin. En urgencia sumar código 999. Incluido en 171;;esta (mismo codigo);660887;TROMBOPLASTINA, TIEMPO DE (KPTT / TTPC / KT);0.5;3
726;NN;901;660901;Urea. clearence.;;esta (mismo codigo);660901;UREA, CLEARENCE DE;1.0;2
728;NN;903;660903;Uretral, exudado o flujo. Incluye 104-664;;esta (mismo codigo);660903;URETRAL, EXUDADO (Directo y Cultivo).;0.4;2
730;NN;905;660905;Urico. Acido en orina.;;esta (mismo codigo);660905;ÚRICO, ÁCIDO - urinario.;0.5;2
732;NN;907;660907;Urocitograma. Una muestra.;;esta (mismo codigo);660907;UROCITOGRAMA;0.5;1
756;NN;931;660931;Vaginal. Exudado o flujo. Incluye 104-664-741;;esta (mismo codigo);660931;VAGINAL, EXUDADO o FLUJO (Directo y Cultivo).;0.6;3
757;NN;932;660932;Vainillín mandélico. Acido en orina.;;esta (mismo codigo);660932;VAINILLIN MANDELICO, ÁCIDO - urinario (AVM) (HPLC);0.5;3
759;NN;934;660934;V.D.R.L. cuantitativa. Incluye 933;;esta (mismo codigo);660934;V D R L CUANTITATIVA – USR  CUANTITATIVA;1.0;1
760;NN;935;660935;Variante bacteriana.;;esta (mismo codigo);660935;VARIANTE BACTERIANA.;1.0;2
761;NN;936;660936;Veronal. Prueba de;;esta (mismo codigo);660936;VERONAL, PRUEBA DEL;1.0;1
762;NN;937;660937;Vitamina A.;;esta (mismo codigo);660937;VITAMINA A.;1.0;1
763;NN;938;660938;Vitamina B12;;esta (mismo codigo);660938;VITAMINA B12.;1.0;1
764;NN;939;660939;Vitamina E.;;esta (mismo codigo);660939;VITAMINA E.;1.0;1
765;NN;940;660940;Volemia. Radioquímico.;;esta (mismo codigo);660940;VOLEMIA RADIOQUÍMICO.;1.0;2
773;NN;953;660953;Widal. Reacción de;;esta (mismo codigo);660953;WIDAL, REACCION DE;1.0;1
785;NN;971;660971;Xilosa-D. Prueba de la;;esta (mismo codigo);660971;XILOSA D PRUEBA DE LA;1.0;1
792;NN;981;660981;Zinc eritrositario.;;esta (mismo codigo);660981;ZINC ERITROCITARIO - PROTOPORFIRINA.;0.67;2
793;NN;982;660982;Zinc sérico.;;esta (mismo codigo);660982;ZINC (Zn) - sérico.;1.0;2
